bookmaker,pre_game_key,match_label,start_time,bet_type,book_category,sheet_key,ui_name,player_name,line,source_display,over_odds,under_odds
STOIXIMAN,2026-03-12_paris_basketball_asvel_lyon-villeurbanne,Paris Basketball vs ASVEL Lyon-Villeurbanne,2026-03-12T20:00:00Z,ALT_PROPS,Points,POINTS,Points,Nadir Hifi,17.5,18+,1.52,
STOIXIMAN,2026-03-12_paris_basketball_asvel_lyon-villeurbanne,Paris Basketball vs ASVEL Lyon-Villeurbanne,2026-03-12T20:00:00Z,ALT_PROPS,Points,POINTS,Points,Nadir Hifi,19.5,20+,1.87,
STOIXIMAN,2026-03-12_paris_basketball_asvel_lyon-villeurbanne,Paris Basketball vs ASVEL Lyon-Villeurbanne,2026-03-12T20:00:00Z,ALT_PROPS,Points,POINTS,Points,Nadir Hifi,21.5,22+,2.4,
STOIXIMAN,2026-03-12_paris_basketball_asvel_lyon-villeurbanne,Paris Basketball vs ASVEL Lyon-Villeurbanne,2026-03-12T20:00:00Z,ALT_PROPS,Points,POINTS,Points,Nadir Hifi,23.5,24+,3.2,
STOIXIMAN,2026-03-12_paris_basketball_asvel_lyon-villeurbanne,Paris Basketball vs ASVEL Lyon-Villeurbanne,2026-03-12T20:00:00Z,ALT_PROPS,Points,POINTS,Points,Nadir Hifi,25.5,26+,4.35,
STOIXIMAN,2026-03-12_paris_basketball_asvel_lyon-villeurbanne,Paris Basketball vs ASVEL Lyon-Villeurbanne,2026-03-12T20:00:00Z,ALT_PROPS,Points,POINTS,Points,Nadir Hifi,27.5,28+,6.1,
STOIXIMAN,2026-03-12_paris_basketball_asvel_lyon-villeurbanne,Paris Basketball vs ASVEL Lyon-Villeurbanne,2026-03-12T20:00:00Z,ALT_PROPS,Points,POINTS,Points,Nadir Hifi,29.5,30+,8.25,
STOIXIMAN,2026-03-12_paris_basketball_asvel_lyon-villeurbanne,Paris Basketball vs ASVEL Lyon-Villeurbanne,2026-03-12T20:00:00Z,ALT_PROPS,Points,POINTS,Points,Nadir Hifi,31.5,32+,11.0,
STOIXIMAN,2026-03-12_paris_basketball_asvel_lyon-villeurbanne,Paris Basketball vs ASVEL Lyon-Villeurbanne,2026-03-12T20:00:00Z,ALT_PROPS,Points,POINTS,Points,Nadir Hifi,33.5,34+,14.0,
STOIXIMAN,2026-03-12_paris_basketball_asvel_lyon-villeurbanne,Paris Basketball vs ASVEL Lyon-Villeurbanne,2026-03-12T20:00:00Z,ALT_PROPS,Points,POINTS,Points,Braian Angola,13.5,14+,1.42,
STOIXIMAN,2026-03-12_paris_basketball_asvel_lyon-villeurbanne,Paris Basketball vs ASVEL Lyon-Villeurbanne,2026-03-12T20:00:00Z,ALT_PROPS,Points,POINTS,Points,Braian Angola,14.5,15+,1.57,
STOIXIMAN,2026-03-12_paris_basketball_asvel_lyon-villeurbanne,Paris Basketball vs ASVEL Lyon-Villeurbanne,2026-03-12T20:00:00Z,ALT_PROPS,Points,POINTS,Points,Braian Angola,15.5,16+,1.75,
STOIXIMAN,2026-03-12_paris_basketball_asvel_lyon-villeurbanne,Paris Basketball vs ASVEL Lyon-Villeurbanne,2026-03-12T20:00:00Z,ALT_PROPS,Points,POINTS,Points,Braian Angola,16.5,17+,1.98,
STOIXIMAN,2026-03-12_paris_basketball_asvel_lyon-villeurbanne,Paris Basketball vs ASVEL Lyon-Villeurbanne,2026-03-12T20:00:00Z,ALT_PROPS,Points,POINTS,Points,Braian Angola,17.5,18+,2.25,
STOIXIMAN,2026-03-12_paris_basketball_asvel_lyon-villeurbanne,Paris Basketball vs ASVEL Lyon-Villeurbanne,2026-03-12T20:00:00Z,ALT_PROPS,Points,POINTS,Points,Braian Angola,18.5,19+,2.62,
STOIXIMAN,2026-03-12_paris_basketball_asvel_lyon-villeurbanne,Paris Basketball vs ASVEL Lyon-Villeurbanne,2026-03-12T20:00:00Z,ALT_PROPS,Points,POINTS,Points,Braian Angola,19.5,20+,3.1,
STOIXIMAN,2026-03-12_paris_basketball_asvel_lyon-villeurbanne,Paris Basketball vs ASVEL Lyon-Villeurbanne,2026-03-12T20:00:00Z,ALT_PROPS,Points,POINTS,Points,Braian Angola,20.5,21+,3.65,
STOIXIMAN,2026-03-12_paris_basketball_asvel_lyon-villeurbanne,Paris Basketball vs ASVEL Lyon-Villeurbanne,2026-03-12T20:00:00Z,ALT_PROPS,Points,POINTS,Points,Braian Angola,21.5,22+,4.35,
STOIXIMAN,2026-03-12_paris_basketball_asvel_lyon-villeurbanne,Paris Basketball vs ASVEL Lyon-Villeurbanne,2026-03-12T20:00:00Z,ALT_PROPS,Points,POINTS,Points,Justin Robinson,12.5,13+,1.52,
STOIXIMAN,2026-03-12_paris_basketball_asvel_lyon-villeurbanne,Paris Basketball vs ASVEL Lyon-Villeurbanne,2026-03-12T20:00:00Z,ALT_PROPS,Points,POINTS,Points,Justin Robinson,14.5,15+,1.93,
STOIXIMAN,2026-03-12_paris_basketball_asvel_lyon-villeurbanne,Paris Basketball vs ASVEL Lyon-Villeurbanne,2026-03-12T20:00:00Z,ALT_PROPS,Points,POINTS,Points,Justin Robinson,16.5,17+,2.62,
STOIXIMAN,2026-03-12_paris_basketball_asvel_lyon-villeurbanne,Paris Basketball vs ASVEL Lyon-Villeurbanne,2026-03-12T20:00:00Z,ALT_PROPS,Points,POINTS,Points,Justin Robinson,18.5,19+,3.7,
STOIXIMAN,2026-03-12_paris_basketball_asvel_lyon-villeurbanne,Paris Basketball vs ASVEL Lyon-Villeurbanne,2026-03-12T20:00:00Z,ALT_PROPS,Points,POINTS,Points,Justin Robinson,20.5,21+,5.3,
STOIXIMAN,2026-03-12_paris_basketball_asvel_lyon-villeurbanne,Paris Basketball vs ASVEL Lyon-Villeurbanne,2026-03-12T20:00:00Z,ALT_PROPS,Points,POINTS,Points,Justin Robinson,22.5,23+,7.5,
STOIXIMAN,2026-03-12_paris_basketball_asvel_lyon-villeurbanne,Paris Basketball vs ASVEL Lyon-Villeurbanne,2026-03-12T20:00:00Z,ALT_PROPS,Points,POINTS,Points,Justin Robinson,24.5,25+,10.5,
STOIXIMAN,2026-03-12_paris_basketball_asvel_lyon-villeurbanne,Paris Basketball vs ASVEL Lyon-Villeurbanne,2026-03-12T20:00:00Z,ALT_PROPS,Points,POINTS,Points,Justin Robinson,26.5,27+,13.5,
STOIXIMAN,2026-03-12_paris_basketball_asvel_lyon-villeurbanne,Paris Basketball vs ASVEL Lyon-Villeurbanne,2026-03-12T20:00:00Z,ALT_PROPS,Points,POINTS,Points,Justin Robinson,28.5,29+,16.5,
STOIXIMAN,2026-03-12_paris_basketball_asvel_lyon-villeurbanne,Paris Basketball vs ASVEL Lyon-Villeurbanne,2026-03-12T20:00:00Z,ALT_PROPS,Points,POINTS,Points,Glynn Watson,11.5,12+,1.44,
STOIXIMAN,2026-03-12_paris_basketball_asvel_lyon-villeurbanne,Paris Basketball vs ASVEL Lyon-Villeurbanne,2026-03-12T20:00:00Z,ALT_PROPS,Points,POINTS,Points,Glynn Watson,13.5,14+,1.82,
STOIXIMAN,2026-03-12_paris_basketball_asvel_lyon-villeurbanne,Paris Basketball vs ASVEL Lyon-Villeurbanne,2026-03-12T20:00:00Z,ALT_PROPS,Points,POINTS,Points,Glynn Watson,15.5,16+,2.4,
STOIXIMAN,2026-03-12_paris_basketball_asvel_lyon-villeurbanne,Paris Basketball vs ASVEL Lyon-Villeurbanne,2026-03-12T20:00:00Z,ALT_PROPS,Points,POINTS,Points,Glynn Watson,17.5,18+,3.3,
STOIXIMAN,2026-03-12_paris_basketball_asvel_lyon-villeurbanne,Paris Basketball vs ASVEL Lyon-Villeurbanne,2026-03-12T20:00:00Z,ALT_PROPS,Points,POINTS,Points,Glynn Watson,19.5,20+,4.75,
STOIXIMAN,2026-03-12_paris_basketball_asvel_lyon-villeurbanne,Paris Basketball vs ASVEL Lyon-Villeurbanne,2026-03-12T20:00:00Z,ALT_PROPS,Points,POINTS,Points,Glynn Watson,21.5,22+,6.8,
STOIXIMAN,2026-03-12_paris_basketball_asvel_lyon-villeurbanne,Paris Basketball vs ASVEL Lyon-Villeurbanne,2026-03-12T20:00:00Z,ALT_PROPS,Points,POINTS,Points,Glynn Watson,23.5,24+,9.75,
STOIXIMAN,2026-03-12_paris_basketball_asvel_lyon-villeurbanne,Paris Basketball vs ASVEL Lyon-Villeurbanne,2026-03-12T20:00:00Z,ALT_PROPS,Points,POINTS,Points,Glynn Watson,25.5,26+,12.5,
STOIXIMAN,2026-03-12_paris_basketball_asvel_lyon-villeurbanne,Paris Basketball vs ASVEL Lyon-Villeurbanne,2026-03-12T20:00:00Z,ALT_PROPS,Points,POINTS,Points,Glynn Watson,27.5,28+,15.5,
STOIXIMAN,2026-03-12_paris_basketball_asvel_lyon-villeurbanne,Paris Basketball vs ASVEL Lyon-Villeurbanne,2026-03-12T20:00:00Z,ALT_PROPS,Points,POINTS,Points,Jared Rhoden,10.5,11+,1.42,
STOIXIMAN,2026-03-12_paris_basketball_asvel_lyon-villeurbanne,Paris Basketball vs ASVEL Lyon-Villeurbanne,2026-03-12T20:00:00Z,ALT_PROPS,Points,POINTS,Points,Jared Rhoden,12.5,13+,1.8,
STOIXIMAN,2026-03-12_paris_basketball_asvel_lyon-villeurbanne,Paris Basketball vs ASVEL Lyon-Villeurbanne,2026-03-12T20:00:00Z,ALT_PROPS,Points,POINTS,Points,Jared Rhoden,14.5,15+,2.42,
STOIXIMAN,2026-03-12_paris_basketball_asvel_lyon-villeurbanne,Paris Basketball vs ASVEL Lyon-Villeurbanne,2026-03-12T20:00:00Z,ALT_PROPS,Points,POINTS,Points,Jared Rhoden,16.5,17+,3.4,
STOIXIMAN,2026-03-12_paris_basketball_asvel_lyon-villeurbanne,Paris Basketball vs ASVEL Lyon-Villeurbanne,2026-03-12T20:00:00Z,ALT_PROPS,Points,POINTS,Points,Jared Rhoden,18.5,19+,5.0,
STOIXIMAN,2026-03-12_paris_basketball_asvel_lyon-villeurbanne,Paris Basketball vs ASVEL Lyon-Villeurbanne,2026-03-12T20:00:00Z,ALT_PROPS,Points,POINTS,Points,Jared Rhoden,20.5,21+,7.3,
STOIXIMAN,2026-03-12_paris_basketball_asvel_lyon-villeurbanne,Paris Basketball vs ASVEL Lyon-Villeurbanne,2026-03-12T20:00:00Z,ALT_PROPS,Points,POINTS,Points,Jared Rhoden,22.5,23+,10.0,
STOIXIMAN,2026-03-12_paris_basketball_asvel_lyon-villeurbanne,Paris Basketball vs ASVEL Lyon-Villeurbanne,2026-03-12T20:00:00Z,ALT_PROPS,Points,POINTS,Points,Jared Rhoden,24.5,25+,13.5,
STOIXIMAN,2026-03-12_paris_basketball_asvel_lyon-villeurbanne,Paris Basketball vs ASVEL Lyon-Villeurbanne,2026-03-12T20:00:00Z,ALT_PROPS,Points,POINTS,Points,Jared Rhoden,26.5,27+,16.0,
STOIXIMAN,2026-03-12_paris_basketball_asvel_lyon-villeurbanne,Paris Basketball vs ASVEL Lyon-Villeurbanne,2026-03-12T20:00:00Z,ALT_PROPS,Points,POINTS,Points,Thomas Heurtel,8.5,9+,1.62,
STOIXIMAN,2026-03-12_paris_basketball_asvel_lyon-villeurbanne,Paris Basketball vs ASVEL Lyon-Villeurbanne,2026-03-12T20:00:00Z,ALT_PROPS,Points,POINTS,Points,Thomas Heurtel,9.5,10+,1.9,
STOIXIMAN,2026-03-12_paris_basketball_asvel_lyon-villeurbanne,Paris Basketball vs ASVEL Lyon-Villeurbanne,2026-03-12T20:00:00Z,ALT_PROPS,Points,POINTS,Points,Thomas Heurtel,10.5,11+,2.25,
STOIXIMAN,2026-03-12_paris_basketball_asvel_lyon-villeurbanne,Paris Basketball vs ASVEL Lyon-Villeurbanne,2026-03-12T20:00:00Z,ALT_PROPS,Points,POINTS,Points,Thomas Heurtel,11.5,12+,2.7,
STOIXIMAN,2026-03-12_paris_basketball_asvel_lyon-villeurbanne,Paris Basketball vs ASVEL Lyon-Villeurbanne,2026-03-12T20:00:00Z,ALT_PROPS,Points,POINTS,Points,Thomas Heurtel,12.5,13+,3.3,
STOIXIMAN,2026-03-12_paris_basketball_asvel_lyon-villeurbanne,Paris Basketball vs ASVEL Lyon-Villeurbanne,2026-03-12T20:00:00Z,ALT_PROPS,Points,POINTS,Points,Thomas Heurtel,13.5,14+,4.1,
STOIXIMAN,2026-03-12_paris_basketball_asvel_lyon-villeurbanne,Paris Basketball vs ASVEL Lyon-Villeurbanne,2026-03-12T20:00:00Z,ALT_PROPS,Points,POINTS,Points,Thomas Heurtel,14.5,15+,5.1,
STOIXIMAN,2026-03-12_paris_basketball_asvel_lyon-villeurbanne,Paris Basketball vs ASVEL Lyon-Villeurbanne,2026-03-12T20:00:00Z,ALT_PROPS,Points,POINTS,Points,Thomas Heurtel,15.5,16+,6.3,
STOIXIMAN,2026-03-12_paris_basketball_asvel_lyon-villeurbanne,Paris Basketball vs ASVEL Lyon-Villeurbanne,2026-03-12T20:00:00Z,ALT_PROPS,Points,POINTS,Points,Lamar Stevens,8.5,9+,1.67,
STOIXIMAN,2026-03-12_paris_basketball_asvel_lyon-villeurbanne,Paris Basketball vs ASVEL Lyon-Villeurbanne,2026-03-12T20:00:00Z,ALT_PROPS,Points,POINTS,Points,Lamar Stevens,9.5,10+,1.95,
STOIXIMAN,2026-03-12_paris_basketball_asvel_lyon-villeurbanne,Paris Basketball vs ASVEL Lyon-Villeurbanne,2026-03-12T20:00:00Z,ALT_PROPS,Points,POINTS,Points,Lamar Stevens,10.5,11+,2.32,
STOIXIMAN,2026-03-12_paris_basketball_asvel_lyon-villeurbanne,Paris Basketball vs ASVEL Lyon-Villeurbanne,2026-03-12T20:00:00Z,ALT_PROPS,Points,POINTS,Points,Lamar Stevens,11.5,12+,2.85,
STOIXIMAN,2026-03-12_paris_basketball_asvel_lyon-villeurbanne,Paris Basketball vs ASVEL Lyon-Villeurbanne,2026-03-12T20:00:00Z,ALT_PROPS,Points,POINTS,Points,Lamar Stevens,12.5,13+,3.5,
STOIXIMAN,2026-03-12_paris_basketball_asvel_lyon-villeurbanne,Paris Basketball vs ASVEL Lyon-Villeurbanne,2026-03-12T20:00:00Z,ALT_PROPS,Points,POINTS,Points,Lamar Stevens,13.5,14+,4.4,
STOIXIMAN,2026-03-12_paris_basketball_asvel_lyon-villeurbanne,Paris Basketball vs ASVEL Lyon-Villeurbanne,2026-03-12T20:00:00Z,ALT_PROPS,Points,POINTS,Points,Lamar Stevens,14.5,15+,5.5,
STOIXIMAN,2026-03-12_paris_basketball_asvel_lyon-villeurbanne,Paris Basketball vs ASVEL Lyon-Villeurbanne,2026-03-12T20:00:00Z,ALT_PROPS,Points,POINTS,Points,Lamar Stevens,15.5,16+,6.8,
STOIXIMAN,2026-03-12_paris_basketball_asvel_lyon-villeurbanne,Paris Basketball vs ASVEL Lyon-Villeurbanne,2026-03-12T20:00:00Z,ALT_PROPS,Points,POINTS,Points,Zachary Seljaas,5.5,6+,1.47,
STOIXIMAN,2026-03-12_paris_basketball_asvel_lyon-villeurbanne,Paris Basketball vs ASVEL Lyon-Villeurbanne,2026-03-12T20:00:00Z,ALT_PROPS,Points,POINTS,Points,Zachary Seljaas,6.5,7+,1.75,
STOIXIMAN,2026-03-12_paris_basketball_asvel_lyon-villeurbanne,Paris Basketball vs ASVEL Lyon-Villeurbanne,2026-03-12T20:00:00Z,ALT_PROPS,Points,POINTS,Points,Zachary Seljaas,7.5,8+,2.0,
STOIXIMAN,2026-03-12_paris_basketball_asvel_lyon-villeurbanne,Paris Basketball vs ASVEL Lyon-Villeurbanne,2026-03-12T20:00:00Z,ALT_PROPS,Points,POINTS,Points,Zachary Seljaas,8.5,9+,2.47,
STOIXIMAN,2026-03-12_paris_basketball_asvel_lyon-villeurbanne,Paris Basketball vs ASVEL Lyon-Villeurbanne,2026-03-12T20:00:00Z,ALT_PROPS,Points,POINTS,Points,Zachary Seljaas,9.5,10+,3.1,
STOIXIMAN,2026-03-12_paris_basketball_asvel_lyon-villeurbanne,Paris Basketball vs ASVEL Lyon-Villeurbanne,2026-03-12T20:00:00Z,ALT_PROPS,Points,POINTS,Points,Zachary Seljaas,10.5,11+,3.75,
STOIXIMAN,2026-03-12_paris_basketball_asvel_lyon-villeurbanne,Paris Basketball vs ASVEL Lyon-Villeurbanne,2026-03-12T20:00:00Z,ALT_PROPS,Points,POINTS,Points,Zachary Seljaas,11.5,12+,4.75,
STOIXIMAN,2026-03-12_paris_basketball_asvel_lyon-villeurbanne,Paris Basketball vs ASVEL Lyon-Villeurbanne,2026-03-12T20:00:00Z,ALT_PROPS,Points,POINTS,Points,Zachary Seljaas,12.5,13+,6.0,
STOIXIMAN,2026-03-12_paris_basketball_asvel_lyon-villeurbanne,Paris Basketball vs ASVEL Lyon-Villeurbanne,2026-03-12T20:00:00Z,ALT_PROPS,Points,POINTS,Points,Armel Traore,5.5,6+,1.5,
STOIXIMAN,2026-03-12_paris_basketball_asvel_lyon-villeurbanne,Paris Basketball vs ASVEL Lyon-Villeurbanne,2026-03-12T20:00:00Z,ALT_PROPS,Points,POINTS,Points,Armel Traore,6.5,7+,1.8,
STOIXIMAN,2026-03-12_paris_basketball_asvel_lyon-villeurbanne,Paris Basketball vs ASVEL Lyon-Villeurbanne,2026-03-12T20:00:00Z,ALT_PROPS,Points,POINTS,Points,Armel Traore,7.5,8+,2.18,
STOIXIMAN,2026-03-12_paris_basketball_asvel_lyon-villeurbanne,Paris Basketball vs ASVEL Lyon-Villeurbanne,2026-03-12T20:00:00Z,ALT_PROPS,Points,POINTS,Points,Armel Traore,8.5,9+,2.67,
STOIXIMAN,2026-03-12_paris_basketball_asvel_lyon-villeurbanne,Paris Basketball vs ASVEL Lyon-Villeurbanne,2026-03-12T20:00:00Z,ALT_PROPS,Points,POINTS,Points,Armel Traore,9.5,10+,3.4,
STOIXIMAN,2026-03-12_paris_basketball_asvel_lyon-villeurbanne,Paris Basketball vs ASVEL Lyon-Villeurbanne,2026-03-12T20:00:00Z,ALT_PROPS,Points,POINTS,Points,Armel Traore,10.5,11+,4.3,
STOIXIMAN,2026-03-12_paris_basketball_asvel_lyon-villeurbanne,Paris Basketball vs ASVEL Lyon-Villeurbanne,2026-03-12T20:00:00Z,ALT_PROPS,Points,POINTS,Points,Armel Traore,11.5,12+,5.5,
STOIXIMAN,2026-03-12_paris_basketball_asvel_lyon-villeurbanne,Paris Basketball vs ASVEL Lyon-Villeurbanne,2026-03-12T20:00:00Z,ALT_PROPS,Points,POINTS,Points,Armel Traore,12.5,13+,7.1,
STOIXIMAN,2026-03-12_paris_basketball_asvel_lyon-villeurbanne,Paris Basketball vs ASVEL Lyon-Villeurbanne,2026-03-12T20:00:00Z,ALT_PROPS,Points,POINTS,Points,Sebastian Herrera,4.5,5+,1.34,
STOIXIMAN,2026-03-12_paris_basketball_asvel_lyon-villeurbanne,Paris Basketball vs ASVEL Lyon-Villeurbanne,2026-03-12T20:00:00Z,ALT_PROPS,Points,POINTS,Points,Sebastian Herrera,5.5,6+,1.57,
STOIXIMAN,2026-03-12_paris_basketball_asvel_lyon-villeurbanne,Paris Basketball vs ASVEL Lyon-Villeurbanne,2026-03-12T20:00:00Z,ALT_PROPS,Points,POINTS,Points,Sebastian Herrera,6.5,7+,1.85,
STOIXIMAN,2026-03-12_paris_basketball_asvel_lyon-villeurbanne,Paris Basketball vs ASVEL Lyon-Villeurbanne,2026-03-12T20:00:00Z,ALT_PROPS,Points,POINTS,Points,Sebastian Herrera,7.5,8+,2.22,
STOIXIMAN,2026-03-12_paris_basketball_asvel_lyon-villeurbanne,Paris Basketball vs ASVEL Lyon-Villeurbanne,2026-03-12T20:00:00Z,ALT_PROPS,Points,POINTS,Points,Sebastian Herrera,8.5,9+,2.77,
STOIXIMAN,2026-03-12_paris_basketball_asvel_lyon-villeurbanne,Paris Basketball vs ASVEL Lyon-Villeurbanne,2026-03-12T20:00:00Z,ALT_PROPS,Points,POINTS,Points,Sebastian Herrera,9.5,10+,3.45,
STOIXIMAN,2026-03-12_paris_basketball_asvel_lyon-villeurbanne,Paris Basketball vs ASVEL Lyon-Villeurbanne,2026-03-12T20:00:00Z,ALT_PROPS,Points,POINTS,Points,Shaquille Harrison,3.5,4+,1.29,
STOIXIMAN,2026-03-12_paris_basketball_asvel_lyon-villeurbanne,Paris Basketball vs ASVEL Lyon-Villeurbanne,2026-03-12T20:00:00Z,ALT_PROPS,Points,POINTS,Points,Shaquille Harrison,4.5,5+,1.65,
STOIXIMAN,2026-03-12_paris_basketball_asvel_lyon-villeurbanne,Paris Basketball vs ASVEL Lyon-Villeurbanne,2026-03-12T20:00:00Z,ALT_PROPS,Points,POINTS,Points,Shaquille Harrison,5.5,6+,1.9,
STOIXIMAN,2026-03-12_paris_basketball_asvel_lyon-villeurbanne,Paris Basketball vs ASVEL Lyon-Villeurbanne,2026-03-12T20:00:00Z,ALT_PROPS,Points,POINTS,Points,Shaquille Harrison,6.5,7+,2.52,
STOIXIMAN,2026-03-12_paris_basketball_asvel_lyon-villeurbanne,Paris Basketball vs ASVEL Lyon-Villeurbanne,2026-03-12T20:00:00Z,ALT_PROPS,Points,POINTS,Points,Shaquille Harrison,7.5,8+,3.2,
STOIXIMAN,2026-03-12_paris_basketball_asvel_lyon-villeurbanne,Paris Basketball vs ASVEL Lyon-Villeurbanne,2026-03-12T20:00:00Z,ALT_PROPS,Points,POINTS,Points,Shaquille Harrison,8.5,9+,4.35,
STOIXIMAN,2026-03-12_paris_basketball_asvel_lyon-villeurbanne,Paris Basketball vs ASVEL Lyon-Villeurbanne,2026-03-12T20:00:00Z,ALT_PROPS,Points,POINTS,Points,Mouhamed Faye,3.5,4+,1.44,
STOIXIMAN,2026-03-12_paris_basketball_asvel_lyon-villeurbanne,Paris Basketball vs ASVEL Lyon-Villeurbanne,2026-03-12T20:00:00Z,ALT_PROPS,Points,POINTS,Points,Mouhamed Faye,4.5,5+,2.1,
STOIXIMAN,2026-03-12_paris_basketball_asvel_lyon-villeurbanne,Paris Basketball vs ASVEL Lyon-Villeurbanne,2026-03-12T20:00:00Z,ALT_PROPS,Points,POINTS,Points,Mouhamed Faye,5.5,6+,2.37,
STOIXIMAN,2026-03-12_paris_basketball_asvel_lyon-villeurbanne,Paris Basketball vs ASVEL Lyon-Villeurbanne,2026-03-12T20:00:00Z,ALT_PROPS,Points,POINTS,Points,Mouhamed Faye,6.5,7+,3.75,
STOIXIMAN,2026-03-12_paris_basketball_asvel_lyon-villeurbanne,Paris Basketball vs ASVEL Lyon-Villeurbanne,2026-03-12T20:00:00Z,ALT_PROPS,Points,POINTS,Points,Mouhamed Faye,7.5,8+,4.5,
STOIXIMAN,2026-03-12_paris_basketball_asvel_lyon-villeurbanne,Paris Basketball vs ASVEL Lyon-Villeurbanne,2026-03-12T20:00:00Z,ALT_PROPS,Points,POINTS,Points,Mouhamed Faye,8.5,9+,7.0,
STOIXIMAN,2026-03-12_paris_basketball_asvel_lyon-villeurbanne,Paris Basketball vs ASVEL Lyon-Villeurbanne,2026-03-12T20:00:00Z,ALT_PROPS,Points,POINTS,Points,Derek Willis,3.5,4+,1.5,
STOIXIMAN,2026-03-12_paris_basketball_asvel_lyon-villeurbanne,Paris Basketball vs ASVEL Lyon-Villeurbanne,2026-03-12T20:00:00Z,ALT_PROPS,Points,POINTS,Points,Derek Willis,4.5,5+,1.72,
STOIXIMAN,2026-03-12_paris_basketball_asvel_lyon-villeurbanne,Paris Basketball vs ASVEL Lyon-Villeurbanne,2026-03-12T20:00:00Z,ALT_PROPS,Points,POINTS,Points,Derek Willis,5.5,6+,2.2,
STOIXIMAN,2026-03-12_paris_basketball_asvel_lyon-villeurbanne,Paris Basketball vs ASVEL Lyon-Villeurbanne,2026-03-12T20:00:00Z,ALT_PROPS,Points,POINTS,Points,Derek Willis,6.5,7+,2.77,
STOIXIMAN,2026-03-12_paris_basketball_asvel_lyon-villeurbanne,Paris Basketball vs ASVEL Lyon-Villeurbanne,2026-03-12T20:00:00Z,ALT_PROPS,Points,POINTS,Points,Derek Willis,7.5,8+,3.55,
STOIXIMAN,2026-03-12_paris_basketball_asvel_lyon-villeurbanne,Paris Basketball vs ASVEL Lyon-Villeurbanne,2026-03-12T20:00:00Z,ALT_PROPS,Points,POINTS,Points,Derek Willis,8.5,9+,4.65,
STOIXIMAN,2026-03-12_paris_basketball_asvel_lyon-villeurbanne,Paris Basketball vs ASVEL Lyon-Villeurbanne,2026-03-12T20:00:00Z,ALT_PROPS,Points,POINTS,Points,Melvin Ajinca,3.5,4+,1.72,
STOIXIMAN,2026-03-12_paris_basketball_asvel_lyon-villeurbanne,Paris Basketball vs ASVEL Lyon-Villeurbanne,2026-03-12T20:00:00Z,ALT_PROPS,Points,POINTS,Points,Melvin Ajinca,4.5,5+,1.93,
STOIXIMAN,2026-03-12_paris_basketball_asvel_lyon-villeurbanne,Paris Basketball vs ASVEL Lyon-Villeurbanne,2026-03-12T20:00:00Z,ALT_PROPS,Points,POINTS,Points,Melvin Ajinca,5.5,6+,2.47,
STOIXIMAN,2026-03-12_paris_basketball_asvel_lyon-villeurbanne,Paris Basketball vs ASVEL Lyon-Villeurbanne,2026-03-12T20:00:00Z,ALT_PROPS,Points,POINTS,Points,Melvin Ajinca,6.5,7+,3.35,
STOIXIMAN,2026-03-12_paris_basketball_asvel_lyon-villeurbanne,Paris Basketball vs ASVEL Lyon-Villeurbanne,2026-03-12T20:00:00Z,ALT_PROPS,Points,POINTS,Points,Melvin Ajinca,7.5,8+,4.1,
STOIXIMAN,2026-03-12_paris_basketball_asvel_lyon-villeurbanne,Paris Basketball vs ASVEL Lyon-Villeurbanne,2026-03-12T20:00:00Z,ALT_PROPS,Points,POINTS,Points,Melvin Ajinca,8.5,9+,5.5,
STOIXIMAN,2026-03-12_paris_basketball_asvel_lyon-villeurbanne,Paris Basketball vs ASVEL Lyon-Villeurbanne,2026-03-12T20:00:00Z,MAIN_PROPS,Points O/U,POINTS,Points,Nadir Hifi,19.5,,1.87,1.87
STOIXIMAN,2026-03-12_paris_basketball_asvel_lyon-villeurbanne,Paris Basketball vs ASVEL Lyon-Villeurbanne,2026-03-12T20:00:00Z,MAIN_PROPS,Points O/U,POINTS,Points,Braian Angola,16.5,,1.98,1.78
STOIXIMAN,2026-03-12_paris_basketball_asvel_lyon-villeurbanne,Paris Basketball vs ASVEL Lyon-Villeurbanne,2026-03-12T20:00:00Z,MAIN_PROPS,Points O/U,POINTS,Points,Justin Robinson,14.5,,1.93,1.82
STOIXIMAN,2026-03-12_paris_basketball_asvel_lyon-villeurbanne,Paris Basketball vs ASVEL Lyon-Villeurbanne,2026-03-12T20:00:00Z,MAIN_PROPS,Points O/U,POINTS,Points,Glynn Watson,13.5,,1.82,1.93
STOIXIMAN,2026-03-12_paris_basketball_asvel_lyon-villeurbanne,Paris Basketball vs ASVEL Lyon-Villeurbanne,2026-03-12T20:00:00Z,MAIN_PROPS,Points O/U,POINTS,Points,Jared Rhoden,12.5,,1.8,1.93
STOIXIMAN,2026-03-12_paris_basketball_asvel_lyon-villeurbanne,Paris Basketball vs ASVEL Lyon-Villeurbanne,2026-03-12T20:00:00Z,MAIN_PROPS,Points O/U,POINTS,Points,Thomas Heurtel,9.5,,1.9,1.85
STOIXIMAN,2026-03-12_paris_basketball_asvel_lyon-villeurbanne,Paris Basketball vs ASVEL Lyon-Villeurbanne,2026-03-12T20:00:00Z,MAIN_PROPS,Points O/U,POINTS,Points,Lamar Stevens,9.5,,1.95,1.8
STOIXIMAN,2026-03-12_paris_basketball_asvel_lyon-villeurbanne,Paris Basketball vs ASVEL Lyon-Villeurbanne,2026-03-12T20:00:00Z,MAIN_PROPS,Points O/U,POINTS,Points,Zachary Seljaas,6.5,,1.75,2.0
STOIXIMAN,2026-03-12_paris_basketball_asvel_lyon-villeurbanne,Paris Basketball vs ASVEL Lyon-Villeurbanne,2026-03-12T20:00:00Z,MAIN_PROPS,Points O/U,POINTS,Points,Armel Traore,6.5,,1.8,1.95
STOIXIMAN,2026-03-12_paris_basketball_asvel_lyon-villeurbanne,Paris Basketball vs ASVEL Lyon-Villeurbanne,2026-03-12T20:00:00Z,MAIN_PROPS,Points O/U,POINTS,Points,Sebastian Herrera,6.5,,1.85,1.88
STOIXIMAN,2026-03-12_paris_basketball_asvel_lyon-villeurbanne,Paris Basketball vs ASVEL Lyon-Villeurbanne,2026-03-12T20:00:00Z,MAIN_PROPS,Points O/U,POINTS,Points,Shaquille Harrison,5.5,,1.9,1.83
STOIXIMAN,2026-03-12_paris_basketball_asvel_lyon-villeurbanne,Paris Basketball vs ASVEL Lyon-Villeurbanne,2026-03-12T20:00:00Z,MAIN_PROPS,Points O/U,POINTS,Points,Derek Willis,4.5,,1.75,2.02
STOIXIMAN,2026-03-12_paris_basketball_asvel_lyon-villeurbanne,Paris Basketball vs ASVEL Lyon-Villeurbanne,2026-03-12T20:00:00Z,MAIN_PROPS,Points O/U,POINTS,Points,Melvin Ajinca,4.5,,1.93,1.82
STOIXIMAN,2026-03-12_paris_basketball_asvel_lyon-villeurbanne,Paris Basketball vs ASVEL Lyon-Villeurbanne,2026-03-12T20:00:00Z,MAIN_PROPS,Points O/U,POINTS,Points,Mouhamed Faye,4.5,,2.07,1.7
STOIXIMAN,2026-03-12_paris_basketball_asvel_lyon-villeurbanne,Paris Basketball vs ASVEL Lyon-Villeurbanne,2026-03-12T20:00:00Z,ALT_PROPS,Assists,AS,Assists,Thomas Heurtel,3.5,4+,1.24,
STOIXIMAN,2026-03-12_paris_basketball_asvel_lyon-villeurbanne,Paris Basketball vs ASVEL Lyon-Villeurbanne,2026-03-12T20:00:00Z,ALT_PROPS,Assists,AS,Assists,Thomas Heurtel,4.5,5+,1.6,
STOIXIMAN,2026-03-12_paris_basketball_asvel_lyon-villeurbanne,Paris Basketball vs ASVEL Lyon-Villeurbanne,2026-03-12T20:00:00Z,ALT_PROPS,Assists,AS,Assists,Thomas Heurtel,5.5,6+,2.25,
STOIXIMAN,2026-03-12_paris_basketball_asvel_lyon-villeurbanne,Paris Basketball vs ASVEL Lyon-Villeurbanne,2026-03-12T20:00:00Z,ALT_PROPS,Assists,AS,Assists,Thomas Heurtel,6.5,7+,3.5,
STOIXIMAN,2026-03-12_paris_basketball_asvel_lyon-villeurbanne,Paris Basketball vs ASVEL Lyon-Villeurbanne,2026-03-12T20:00:00Z,ALT_PROPS,Assists,AS,Assists,Thomas Heurtel,7.5,8+,5.6,
STOIXIMAN,2026-03-12_paris_basketball_asvel_lyon-villeurbanne,Paris Basketball vs ASVEL Lyon-Villeurbanne,2026-03-12T20:00:00Z,ALT_PROPS,Assists,AS,Assists,Thomas Heurtel,8.5,9+,9.0,
STOIXIMAN,2026-03-12_paris_basketball_asvel_lyon-villeurbanne,Paris Basketball vs ASVEL Lyon-Villeurbanne,2026-03-12T20:00:00Z,ALT_PROPS,Assists,AS,Assists,Justin Robinson,2.5,3+,1.2,
STOIXIMAN,2026-03-12_paris_basketball_asvel_lyon-villeurbanne,Paris Basketball vs ASVEL Lyon-Villeurbanne,2026-03-12T20:00:00Z,ALT_PROPS,Assists,AS,Assists,Justin Robinson,3.5,4+,1.57,
STOIXIMAN,2026-03-12_paris_basketball_asvel_lyon-villeurbanne,Paris Basketball vs ASVEL Lyon-Villeurbanne,2026-03-12T20:00:00Z,ALT_PROPS,Assists,AS,Assists,Justin Robinson,4.5,5+,2.3,
STOIXIMAN,2026-03-12_paris_basketball_asvel_lyon-villeurbanne,Paris Basketball vs ASVEL Lyon-Villeurbanne,2026-03-12T20:00:00Z,ALT_PROPS,Assists,AS,Assists,Justin Robinson,5.5,6+,3.75,
STOIXIMAN,2026-03-12_paris_basketball_asvel_lyon-villeurbanne,Paris Basketball vs ASVEL Lyon-Villeurbanne,2026-03-12T20:00:00Z,ALT_PROPS,Assists,AS,Assists,Justin Robinson,6.5,7+,6.3,
STOIXIMAN,2026-03-12_paris_basketball_asvel_lyon-villeurbanne,Paris Basketball vs ASVEL Lyon-Villeurbanne,2026-03-12T20:00:00Z,ALT_PROPS,Assists,AS,Assists,Justin Robinson,7.5,8+,10.25,
STOIXIMAN,2026-03-12_paris_basketball_asvel_lyon-villeurbanne,Paris Basketball vs ASVEL Lyon-Villeurbanne,2026-03-12T20:00:00Z,ALT_PROPS,Assists,AS,Assists,Nadir Hifi,2.5,3+,1.24,
STOIXIMAN,2026-03-12_paris_basketball_asvel_lyon-villeurbanne,Paris Basketball vs ASVEL Lyon-Villeurbanne,2026-03-12T20:00:00Z,ALT_PROPS,Assists,AS,Assists,Nadir Hifi,3.5,4+,1.65,
STOIXIMAN,2026-03-12_paris_basketball_asvel_lyon-villeurbanne,Paris Basketball vs ASVEL Lyon-Villeurbanne,2026-03-12T20:00:00Z,ALT_PROPS,Assists,AS,Assists,Nadir Hifi,4.5,5+,2.47,
STOIXIMAN,2026-03-12_paris_basketball_asvel_lyon-villeurbanne,Paris Basketball vs ASVEL Lyon-Villeurbanne,2026-03-12T20:00:00Z,ALT_PROPS,Assists,AS,Assists,Nadir Hifi,5.5,6+,4.1,
STOIXIMAN,2026-03-12_paris_basketball_asvel_lyon-villeurbanne,Paris Basketball vs ASVEL Lyon-Villeurbanne,2026-03-12T20:00:00Z,ALT_PROPS,Assists,AS,Assists,Nadir Hifi,6.5,7+,6.9,
STOIXIMAN,2026-03-12_paris_basketball_asvel_lyon-villeurbanne,Paris Basketball vs ASVEL Lyon-Villeurbanne,2026-03-12T20:00:00Z,ALT_PROPS,Assists,AS,Assists,Nadir Hifi,7.5,8+,11.0,
STOIXIMAN,2026-03-12_paris_basketball_asvel_lyon-villeurbanne,Paris Basketball vs ASVEL Lyon-Villeurbanne,2026-03-12T20:00:00Z,ALT_PROPS,Assists,AS,Assists,Glynn Watson,2.5,3+,1.37,
STOIXIMAN,2026-03-12_paris_basketball_asvel_lyon-villeurbanne,Paris Basketball vs ASVEL Lyon-Villeurbanne,2026-03-12T20:00:00Z,ALT_PROPS,Assists,AS,Assists,Glynn Watson,3.5,4+,1.98,
STOIXIMAN,2026-03-12_paris_basketball_asvel_lyon-villeurbanne,Paris Basketball vs ASVEL Lyon-Villeurbanne,2026-03-12T20:00:00Z,ALT_PROPS,Assists,AS,Assists,Glynn Watson,4.5,5+,3.2,
STOIXIMAN,2026-03-12_paris_basketball_asvel_lyon-villeurbanne,Paris Basketball vs ASVEL Lyon-Villeurbanne,2026-03-12T20:00:00Z,ALT_PROPS,Assists,AS,Assists,Glynn Watson,5.5,6+,5.5,
STOIXIMAN,2026-03-12_paris_basketball_asvel_lyon-villeurbanne,Paris Basketball vs ASVEL Lyon-Villeurbanne,2026-03-12T20:00:00Z,ALT_PROPS,Assists,AS,Assists,Braian Angola,1.5,2+,1.13,
STOIXIMAN,2026-03-12_paris_basketball_asvel_lyon-villeurbanne,Paris Basketball vs ASVEL Lyon-Villeurbanne,2026-03-12T20:00:00Z,ALT_PROPS,Assists,AS,Assists,Braian Angola,2.5,3+,1.5,
STOIXIMAN,2026-03-12_paris_basketball_asvel_lyon-villeurbanne,Paris Basketball vs ASVEL Lyon-Villeurbanne,2026-03-12T20:00:00Z,ALT_PROPS,Assists,AS,Assists,Braian Angola,3.5,4+,2.3,
STOIXIMAN,2026-03-12_paris_basketball_asvel_lyon-villeurbanne,Paris Basketball vs ASVEL Lyon-Villeurbanne,2026-03-12T20:00:00Z,ALT_PROPS,Assists,AS,Assists,Braian Angola,4.5,5+,3.95,
STOIXIMAN,2026-03-12_paris_basketball_asvel_lyon-villeurbanne,Paris Basketball vs ASVEL Lyon-Villeurbanne,2026-03-12T20:00:00Z,ALT_PROPS,Assists,AS,Assists,Jared Rhoden,0.5,1+,1.24,
STOIXIMAN,2026-03-12_paris_basketball_asvel_lyon-villeurbanne,Paris Basketball vs ASVEL Lyon-Villeurbanne,2026-03-12T20:00:00Z,ALT_PROPS,Assists,AS,Assists,Jared Rhoden,1.5,2+,2.22,
STOIXIMAN,2026-03-12_paris_basketball_asvel_lyon-villeurbanne,Paris Basketball vs ASVEL Lyon-Villeurbanne,2026-03-12T20:00:00Z,ALT_PROPS,Assists,AS,Assists,Jared Rhoden,2.5,3+,4.8,
STOIXIMAN,2026-03-12_paris_basketball_asvel_lyon-villeurbanne,Paris Basketball vs ASVEL Lyon-Villeurbanne,2026-03-12T20:00:00Z,ALT_PROPS,Assists,AS,Assists,Jared Rhoden,3.5,4+,10.25,
STOIXIMAN,2026-03-12_paris_basketball_asvel_lyon-villeurbanne,Paris Basketball vs ASVEL Lyon-Villeurbanne,2026-03-12T20:00:00Z,ALT_PROPS,Assists,AS,Assists,Zachary Seljaas,0.5,1+,1.42,
STOIXIMAN,2026-03-12_paris_basketball_asvel_lyon-villeurbanne,Paris Basketball vs ASVEL Lyon-Villeurbanne,2026-03-12T20:00:00Z,ALT_PROPS,Assists,AS,Assists,Zachary Seljaas,1.5,2+,3.0,
STOIXIMAN,2026-03-12_paris_basketball_asvel_lyon-villeurbanne,Paris Basketball vs ASVEL Lyon-Villeurbanne,2026-03-12T20:00:00Z,ALT_PROPS,Assists,AS,Assists,Zachary Seljaas,2.5,3+,7.2,
STOIXIMAN,2026-03-12_paris_basketball_asvel_lyon-villeurbanne,Paris Basketball vs ASVEL Lyon-Villeurbanne,2026-03-12T20:00:00Z,ALT_PROPS,Assists,AS,Assists,Zachary Seljaas,3.5,4+,14.0,
STOIXIMAN,2026-03-12_paris_basketball_asvel_lyon-villeurbanne,Paris Basketball vs ASVEL Lyon-Villeurbanne,2026-03-12T20:00:00Z,ALT_PROPS,Assists,AS,Assists,Sebastian Herrera,0.5,1+,1.47,
STOIXIMAN,2026-03-12_paris_basketball_asvel_lyon-villeurbanne,Paris Basketball vs ASVEL Lyon-Villeurbanne,2026-03-12T20:00:00Z,ALT_PROPS,Assists,AS,Assists,Sebastian Herrera,1.5,2+,3.3,
STOIXIMAN,2026-03-12_paris_basketball_asvel_lyon-villeurbanne,Paris Basketball vs ASVEL Lyon-Villeurbanne,2026-03-12T20:00:00Z,ALT_PROPS,Assists,AS,Assists,Sebastian Herrera,2.5,3+,8.0,
STOIXIMAN,2026-03-12_paris_basketball_asvel_lyon-villeurbanne,Paris Basketball vs ASVEL Lyon-Villeurbanne,2026-03-12T20:00:00Z,ALT_PROPS,Assists,AS,Assists,Sebastian Herrera,3.5,4+,15.0,
STOIXIMAN,2026-03-12_paris_basketball_asvel_lyon-villeurbanne,Paris Basketball vs ASVEL Lyon-Villeurbanne,2026-03-12T20:00:00Z,MAIN_PROPS,Assists O/U,AS,Assists,Thomas Heurtel,4.5,,1.62,2.22
STOIXIMAN,2026-03-12_paris_basketball_asvel_lyon-villeurbanne,Paris Basketball vs ASVEL Lyon-Villeurbanne,2026-03-12T20:00:00Z,MAIN_PROPS,Assists O/U,AS,Assists,Justin Robinson,3.5,,1.6,2.27
STOIXIMAN,2026-03-12_paris_basketball_asvel_lyon-villeurbanne,Paris Basketball vs ASVEL Lyon-Villeurbanne,2026-03-12T20:00:00Z,MAIN_PROPS,Assists O/U,AS,Assists,Nadir Hifi,3.5,,1.67,2.12
STOIXIMAN,2026-03-12_paris_basketball_asvel_lyon-villeurbanne,Paris Basketball vs ASVEL Lyon-Villeurbanne,2026-03-12T20:00:00Z,MAIN_PROPS,Assists O/U,AS,Assists,Glynn Watson,3.5,,2.0,1.75
STOIXIMAN,2026-03-12_paris_basketball_asvel_lyon-villeurbanne,Paris Basketball vs ASVEL Lyon-Villeurbanne,2026-03-12T20:00:00Z,MAIN_PROPS,Assists O/U,AS,Assists,Braian Angola,3.5,,2.3,1.57
STOIXIMAN,2026-03-12_paris_basketball_asvel_lyon-villeurbanne,Paris Basketball vs ASVEL Lyon-Villeurbanne,2026-03-12T20:00:00Z,MAIN_PROPS,Assists O/U,AS,Assists,Jared Rhoden,1.5,,2.22,1.62
STOIXIMAN,2026-03-12_paris_basketball_asvel_lyon-villeurbanne,Paris Basketball vs ASVEL Lyon-Villeurbanne,2026-03-12T20:00:00Z,MAIN_PROPS,Assists O/U,AS,Assists,Zachary Seljaas,0.5,,1.45,2.65
STOIXIMAN,2026-03-12_paris_basketball_asvel_lyon-villeurbanne,Paris Basketball vs ASVEL Lyon-Villeurbanne,2026-03-12T20:00:00Z,MAIN_PROPS,Assists O/U,AS,Assists,Sebastian Herrera,0.5,,1.5,2.47
STOIXIMAN,2026-03-12_paris_basketball_asvel_lyon-villeurbanne,Paris Basketball vs ASVEL Lyon-Villeurbanne,2026-03-12T20:00:00Z,ALT_PROPS,Rebounds,TR,Rebounds,Mouhamed Faye,3.5,4+,1.42,
STOIXIMAN,2026-03-12_paris_basketball_asvel_lyon-villeurbanne,Paris Basketball vs ASVEL Lyon-Villeurbanne,2026-03-12T20:00:00Z,ALT_PROPS,Rebounds,TR,Rebounds,Mouhamed Faye,4.5,5+,1.95,
STOIXIMAN,2026-03-12_paris_basketball_asvel_lyon-villeurbanne,Paris Basketball vs ASVEL Lyon-Villeurbanne,2026-03-12T20:00:00Z,ALT_PROPS,Rebounds,TR,Rebounds,Mouhamed Faye,5.5,6+,2.92,
STOIXIMAN,2026-03-12_paris_basketball_asvel_lyon-villeurbanne,Paris Basketball vs ASVEL Lyon-Villeurbanne,2026-03-12T20:00:00Z,ALT_PROPS,Rebounds,TR,Rebounds,Mouhamed Faye,6.5,7+,4.75,
STOIXIMAN,2026-03-12_paris_basketball_asvel_lyon-villeurbanne,Paris Basketball vs ASVEL Lyon-Villeurbanne,2026-03-12T20:00:00Z,ALT_PROPS,Rebounds,TR,Rebounds,Mouhamed Faye,7.5,8+,7.7,
STOIXIMAN,2026-03-12_paris_basketball_asvel_lyon-villeurbanne,Paris Basketball vs ASVEL Lyon-Villeurbanne,2026-03-12T20:00:00Z,ALT_PROPS,Rebounds,TR,Rebounds,Mouhamed Faye,8.5,9+,11.5,
STOIXIMAN,2026-03-12_paris_basketball_asvel_lyon-villeurbanne,Paris Basketball vs ASVEL Lyon-Villeurbanne,2026-03-12T20:00:00Z,ALT_PROPS,Rebounds,TR,Rebounds,Armel Traore,2.5,3+,1.18,
STOIXIMAN,2026-03-12_paris_basketball_asvel_lyon-villeurbanne,Paris Basketball vs ASVEL Lyon-Villeurbanne,2026-03-12T20:00:00Z,ALT_PROPS,Rebounds,TR,Rebounds,Armel Traore,3.5,4+,1.52,
STOIXIMAN,2026-03-12_paris_basketball_asvel_lyon-villeurbanne,Paris Basketball vs ASVEL Lyon-Villeurbanne,2026-03-12T20:00:00Z,ALT_PROPS,Rebounds,TR,Rebounds,Armel Traore,4.5,5+,2.15,
STOIXIMAN,2026-03-12_paris_basketball_asvel_lyon-villeurbanne,Paris Basketball vs ASVEL Lyon-Villeurbanne,2026-03-12T20:00:00Z,ALT_PROPS,Rebounds,TR,Rebounds,Armel Traore,5.5,6+,3.4,
STOIXIMAN,2026-03-12_paris_basketball_asvel_lyon-villeurbanne,Paris Basketball vs ASVEL Lyon-Villeurbanne,2026-03-12T20:00:00Z,ALT_PROPS,Rebounds,TR,Rebounds,Armel Traore,6.5,7+,5.6,
STOIXIMAN,2026-03-12_paris_basketball_asvel_lyon-villeurbanne,Paris Basketball vs ASVEL Lyon-Villeurbanne,2026-03-12T20:00:00Z,ALT_PROPS,Rebounds,TR,Rebounds,Armel Traore,7.5,8+,9.0,
STOIXIMAN,2026-03-12_paris_basketball_asvel_lyon-villeurbanne,Paris Basketball vs ASVEL Lyon-Villeurbanne,2026-03-12T20:00:00Z,ALT_PROPS,Rebounds,TR,Rebounds,Braian Angola,2.5,3+,1.24,
STOIXIMAN,2026-03-12_paris_basketball_asvel_lyon-villeurbanne,Paris Basketball vs ASVEL Lyon-Villeurbanne,2026-03-12T20:00:00Z,ALT_PROPS,Rebounds,TR,Rebounds,Braian Angola,3.5,4+,1.65,
STOIXIMAN,2026-03-12_paris_basketball_asvel_lyon-villeurbanne,Paris Basketball vs ASVEL Lyon-Villeurbanne,2026-03-12T20:00:00Z,ALT_PROPS,Rebounds,TR,Rebounds,Braian Angola,4.5,5+,2.45,
STOIXIMAN,2026-03-12_paris_basketball_asvel_lyon-villeurbanne,Paris Basketball vs ASVEL Lyon-Villeurbanne,2026-03-12T20:00:00Z,ALT_PROPS,Rebounds,TR,Rebounds,Braian Angola,5.5,6+,4.0,
STOIXIMAN,2026-03-12_paris_basketball_asvel_lyon-villeurbanne,Paris Basketball vs ASVEL Lyon-Villeurbanne,2026-03-12T20:00:00Z,ALT_PROPS,Rebounds,TR,Rebounds,Braian Angola,6.5,7+,6.8,
STOIXIMAN,2026-03-12_paris_basketball_asvel_lyon-villeurbanne,Paris Basketball vs ASVEL Lyon-Villeurbanne,2026-03-12T20:00:00Z,ALT_PROPS,Rebounds,TR,Rebounds,Braian Angola,7.5,8+,10.75,
STOIXIMAN,2026-03-12_paris_basketball_asvel_lyon-villeurbanne,Paris Basketball vs ASVEL Lyon-Villeurbanne,2026-03-12T20:00:00Z,ALT_PROPS,Rebounds,TR,Rebounds,Lamar Stevens,2.5,3+,1.24,
STOIXIMAN,2026-03-12_paris_basketball_asvel_lyon-villeurbanne,Paris Basketball vs ASVEL Lyon-Villeurbanne,2026-03-12T20:00:00Z,ALT_PROPS,Rebounds,TR,Rebounds,Lamar Stevens,3.5,4+,1.65,
STOIXIMAN,2026-03-12_paris_basketball_asvel_lyon-villeurbanne,Paris Basketball vs ASVEL Lyon-Villeurbanne,2026-03-12T20:00:00Z,ALT_PROPS,Rebounds,TR,Rebounds,Lamar Stevens,4.5,5+,2.45,
STOIXIMAN,2026-03-12_paris_basketball_asvel_lyon-villeurbanne,Paris Basketball vs ASVEL Lyon-Villeurbanne,2026-03-12T20:00:00Z,ALT_PROPS,Rebounds,TR,Rebounds,Lamar Stevens,5.5,6+,4.0,
STOIXIMAN,2026-03-12_paris_basketball_asvel_lyon-villeurbanne,Paris Basketball vs ASVEL Lyon-Villeurbanne,2026-03-12T20:00:00Z,ALT_PROPS,Rebounds,TR,Rebounds,Lamar Stevens,6.5,7+,6.6,
STOIXIMAN,2026-03-12_paris_basketball_asvel_lyon-villeurbanne,Paris Basketball vs ASVEL Lyon-Villeurbanne,2026-03-12T20:00:00Z,ALT_PROPS,Rebounds,TR,Rebounds,Lamar Stevens,7.5,8+,10.75,
STOIXIMAN,2026-03-12_paris_basketball_asvel_lyon-villeurbanne,Paris Basketball vs ASVEL Lyon-Villeurbanne,2026-03-12T20:00:00Z,ALT_PROPS,Rebounds,TR,Rebounds,Derek Willis,2.5,3+,1.45,
STOIXIMAN,2026-03-12_paris_basketball_asvel_lyon-villeurbanne,Paris Basketball vs ASVEL Lyon-Villeurbanne,2026-03-12T20:00:00Z,ALT_PROPS,Rebounds,TR,Rebounds,Derek Willis,3.5,4+,2.15,
STOIXIMAN,2026-03-12_paris_basketball_asvel_lyon-villeurbanne,Paris Basketball vs ASVEL Lyon-Villeurbanne,2026-03-12T20:00:00Z,ALT_PROPS,Rebounds,TR,Rebounds,Derek Willis,4.5,5+,3.55,
STOIXIMAN,2026-03-12_paris_basketball_asvel_lyon-villeurbanne,Paris Basketball vs ASVEL Lyon-Villeurbanne,2026-03-12T20:00:00Z,ALT_PROPS,Rebounds,TR,Rebounds,Derek Willis,5.5,6+,6.1,
STOIXIMAN,2026-03-12_paris_basketball_asvel_lyon-villeurbanne,Paris Basketball vs ASVEL Lyon-Villeurbanne,2026-03-12T20:00:00Z,ALT_PROPS,Rebounds,TR,Rebounds,Derek Willis,6.5,7+,10.25,
STOIXIMAN,2026-03-12_paris_basketball_asvel_lyon-villeurbanne,Paris Basketball vs ASVEL Lyon-Villeurbanne,2026-03-12T20:00:00Z,ALT_PROPS,Rebounds,TR,Rebounds,Derek Willis,7.5,8+,14.5,
STOIXIMAN,2026-03-12_paris_basketball_asvel_lyon-villeurbanne,Paris Basketball vs ASVEL Lyon-Villeurbanne,2026-03-12T20:00:00Z,ALT_PROPS,Rebounds,TR,Rebounds,Zachary Seljaas,1.5,2+,1.16,
STOIXIMAN,2026-03-12_paris_basketball_asvel_lyon-villeurbanne,Paris Basketball vs ASVEL Lyon-Villeurbanne,2026-03-12T20:00:00Z,ALT_PROPS,Rebounds,TR,Rebounds,Zachary Seljaas,2.5,3+,1.55,
STOIXIMAN,2026-03-12_paris_basketball_asvel_lyon-villeurbanne,Paris Basketball vs ASVEL Lyon-Villeurbanne,2026-03-12T20:00:00Z,ALT_PROPS,Rebounds,TR,Rebounds,Zachary Seljaas,3.5,4+,2.37,
STOIXIMAN,2026-03-12_paris_basketball_asvel_lyon-villeurbanne,Paris Basketball vs ASVEL Lyon-Villeurbanne,2026-03-12T20:00:00Z,ALT_PROPS,Rebounds,TR,Rebounds,Zachary Seljaas,4.5,5+,4.05,
STOIXIMAN,2026-03-12_paris_basketball_asvel_lyon-villeurbanne,Paris Basketball vs ASVEL Lyon-Villeurbanne,2026-03-12T20:00:00Z,ALT_PROPS,Rebounds,TR,Rebounds,Jared Rhoden,1.5,2+,1.17,
STOIXIMAN,2026-03-12_paris_basketball_asvel_lyon-villeurbanne,Paris Basketball vs ASVEL Lyon-Villeurbanne,2026-03-12T20:00:00Z,ALT_PROPS,Rebounds,TR,Rebounds,Jared Rhoden,2.5,3+,1.6,
STOIXIMAN,2026-03-12_paris_basketball_asvel_lyon-villeurbanne,Paris Basketball vs ASVEL Lyon-Villeurbanne,2026-03-12T20:00:00Z,ALT_PROPS,Rebounds,TR,Rebounds,Jared Rhoden,3.5,4+,2.47,
STOIXIMAN,2026-03-12_paris_basketball_asvel_lyon-villeurbanne,Paris Basketball vs ASVEL Lyon-Villeurbanne,2026-03-12T20:00:00Z,ALT_PROPS,Rebounds,TR,Rebounds,Jared Rhoden,4.5,5+,4.3,
STOIXIMAN,2026-03-12_paris_basketball_asvel_lyon-villeurbanne,Paris Basketball vs ASVEL Lyon-Villeurbanne,2026-03-12T20:00:00Z,ALT_PROPS,Rebounds,TR,Rebounds,Glynn Watson,1.5,2+,1.36,
STOIXIMAN,2026-03-12_paris_basketball_asvel_lyon-villeurbanne,Paris Basketball vs ASVEL Lyon-Villeurbanne,2026-03-12T20:00:00Z,ALT_PROPS,Rebounds,TR,Rebounds,Glynn Watson,2.5,3+,2.15,
STOIXIMAN,2026-03-12_paris_basketball_asvel_lyon-villeurbanne,Paris Basketball vs ASVEL Lyon-Villeurbanne,2026-03-12T20:00:00Z,ALT_PROPS,Rebounds,TR,Rebounds,Glynn Watson,3.5,4+,3.9,
STOIXIMAN,2026-03-12_paris_basketball_asvel_lyon-villeurbanne,Paris Basketball vs ASVEL Lyon-Villeurbanne,2026-03-12T20:00:00Z,ALT_PROPS,Rebounds,TR,Rebounds,Glynn Watson,4.5,5+,7.5,
STOIXIMAN,2026-03-12_paris_basketball_asvel_lyon-villeurbanne,Paris Basketball vs ASVEL Lyon-Villeurbanne,2026-03-12T20:00:00Z,ALT_PROPS,Rebounds,TR,Rebounds,Nadir Hifi,0.5,1+,1.09,
STOIXIMAN,2026-03-12_paris_basketball_asvel_lyon-villeurbanne,Paris Basketball vs ASVEL Lyon-Villeurbanne,2026-03-12T20:00:00Z,ALT_PROPS,Rebounds,TR,Rebounds,Nadir Hifi,1.5,2+,1.57,
STOIXIMAN,2026-03-12_paris_basketball_asvel_lyon-villeurbanne,Paris Basketball vs ASVEL Lyon-Villeurbanne,2026-03-12T20:00:00Z,ALT_PROPS,Rebounds,TR,Rebounds,Nadir Hifi,2.5,3+,2.72,
STOIXIMAN,2026-03-12_paris_basketball_asvel_lyon-villeurbanne,Paris Basketball vs ASVEL Lyon-Villeurbanne,2026-03-12T20:00:00Z,ALT_PROPS,Rebounds,TR,Rebounds,Nadir Hifi,3.5,4+,5.3,
STOIXIMAN,2026-03-12_paris_basketball_asvel_lyon-villeurbanne,Paris Basketball vs ASVEL Lyon-Villeurbanne,2026-03-12T20:00:00Z,ALT_PROPS,Rebounds,TR,Rebounds,Melvin Ajinca,0.5,1+,1.14,
STOIXIMAN,2026-03-12_paris_basketball_asvel_lyon-villeurbanne,Paris Basketball vs ASVEL Lyon-Villeurbanne,2026-03-12T20:00:00Z,ALT_PROPS,Rebounds,TR,Rebounds,Melvin Ajinca,1.5,2+,1.75,
STOIXIMAN,2026-03-12_paris_basketball_asvel_lyon-villeurbanne,Paris Basketball vs ASVEL Lyon-Villeurbanne,2026-03-12T20:00:00Z,ALT_PROPS,Rebounds,TR,Rebounds,Melvin Ajinca,2.5,3+,3.25,
STOIXIMAN,2026-03-12_paris_basketball_asvel_lyon-villeurbanne,Paris Basketball vs ASVEL Lyon-Villeurbanne,2026-03-12T20:00:00Z,ALT_PROPS,Rebounds,TR,Rebounds,Melvin Ajinca,3.5,4+,6.6,
STOIXIMAN,2026-03-12_paris_basketball_asvel_lyon-villeurbanne,Paris Basketball vs ASVEL Lyon-Villeurbanne,2026-03-12T20:00:00Z,MAIN_PROPS,Rebounds O/U,TR,Rebounds,Mouhamed Faye,4.5,,1.98,1.78
STOIXIMAN,2026-03-12_paris_basketball_asvel_lyon-villeurbanne,Paris Basketball vs ASVEL Lyon-Villeurbanne,2026-03-12T20:00:00Z,MAIN_PROPS,Rebounds O/U,TR,Rebounds,Armel Traore,4.5,,2.15,1.65
STOIXIMAN,2026-03-12_paris_basketball_asvel_lyon-villeurbanne,Paris Basketball vs ASVEL Lyon-Villeurbanne,2026-03-12T20:00:00Z,MAIN_PROPS,Rebounds O/U,TR,Rebounds,Lamar Stevens,3.5,,1.67,2.12
STOIXIMAN,2026-03-12_paris_basketball_asvel_lyon-villeurbanne,Paris Basketball vs ASVEL Lyon-Villeurbanne,2026-03-12T20:00:00Z,MAIN_PROPS,Rebounds O/U,TR,Rebounds,Braian Angola,3.5,,1.67,2.12
STOIXIMAN,2026-03-12_paris_basketball_asvel_lyon-villeurbanne,Paris Basketball vs ASVEL Lyon-Villeurbanne,2026-03-12T20:00:00Z,MAIN_PROPS,Rebounds O/U,TR,Rebounds,Derek Willis,3.5,,2.15,1.65
STOIXIMAN,2026-03-12_paris_basketball_asvel_lyon-villeurbanne,Paris Basketball vs ASVEL Lyon-Villeurbanne,2026-03-12T20:00:00Z,MAIN_PROPS,Rebounds O/U,TR,Rebounds,Zachary Seljaas,2.5,,1.57,2.3
STOIXIMAN,2026-03-12_paris_basketball_asvel_lyon-villeurbanne,Paris Basketball vs ASVEL Lyon-Villeurbanne,2026-03-12T20:00:00Z,MAIN_PROPS,Rebounds O/U,TR,Rebounds,Jared Rhoden,2.5,,1.62,2.22
STOIXIMAN,2026-03-12_paris_basketball_asvel_lyon-villeurbanne,Paris Basketball vs ASVEL Lyon-Villeurbanne,2026-03-12T20:00:00Z,MAIN_PROPS,Rebounds O/U,TR,Rebounds,Glynn Watson,2.5,,2.15,1.65
STOIXIMAN,2026-03-12_paris_basketball_asvel_lyon-villeurbanne,Paris Basketball vs ASVEL Lyon-Villeurbanne,2026-03-12T20:00:00Z,MAIN_PROPS,Rebounds O/U,TR,Rebounds,Nadir Hifi,1.5,,1.57,2.3
STOIXIMAN,2026-03-12_paris_basketball_asvel_lyon-villeurbanne,Paris Basketball vs ASVEL Lyon-Villeurbanne,2026-03-12T20:00:00Z,MAIN_PROPS,Rebounds O/U,TR,Rebounds,Melvin Ajinca,1.5,,1.75,2.0
STOIXIMAN,2026-03-12_paris_basketball_asvel_lyon-villeurbanne,Paris Basketball vs ASVEL Lyon-Villeurbanne,2026-03-12T20:00:00Z,MAIN_PROPS,Offensive Rebounds O/U,Offensive Rebounds,Offensive Rebounds,Mouhamed Faye,1.5,,1.82,1.85
STOIXIMAN,2026-03-12_paris_basketball_asvel_lyon-villeurbanne,Paris Basketball vs ASVEL Lyon-Villeurbanne,2026-03-12T20:00:00Z,MAIN_PROPS,Offensive Rebounds O/U,Offensive Rebounds,Offensive Rebounds,Armel Traore,1.5,,2.12,1.62
STOIXIMAN,2026-03-12_paris_basketball_asvel_lyon-villeurbanne,Paris Basketball vs ASVEL Lyon-Villeurbanne,2026-03-12T20:00:00Z,MAIN_PROPS,Offensive Rebounds O/U,Offensive Rebounds,Offensive Rebounds,Derek Willis,0.5,,1.42,2.6
STOIXIMAN,2026-03-12_paris_basketball_asvel_lyon-villeurbanne,Paris Basketball vs ASVEL Lyon-Villeurbanne,2026-03-12T20:00:00Z,MAIN_PROPS,Offensive Rebounds O/U,Offensive Rebounds,Offensive Rebounds,Lamar Stevens,0.5,,1.6,2.15
STOIXIMAN,2026-03-12_paris_basketball_asvel_lyon-villeurbanne,Paris Basketball vs ASVEL Lyon-Villeurbanne,2026-03-12T20:00:00Z,MAIN_PROPS,Offensive Rebounds O/U,Offensive Rebounds,Offensive Rebounds,Zachary Seljaas,0.5,,1.67,2.05
STOIXIMAN,2026-03-12_paris_basketball_asvel_lyon-villeurbanne,Paris Basketball vs ASVEL Lyon-Villeurbanne,2026-03-12T20:00:00Z,MAIN_PROPS,Defensive Rebounds O/U,Defensive Rebounds,Defensive Rebounds,Braian Angola,3.5,,2.12,1.62
STOIXIMAN,2026-03-12_paris_basketball_asvel_lyon-villeurbanne,Paris Basketball vs ASVEL Lyon-Villeurbanne,2026-03-12T20:00:00Z,MAIN_PROPS,Defensive Rebounds O/U,Defensive Rebounds,Defensive Rebounds,Lamar Stevens,2.5,,1.55,2.27
STOIXIMAN,2026-03-12_paris_basketball_asvel_lyon-villeurbanne,Paris Basketball vs ASVEL Lyon-Villeurbanne,2026-03-12T20:00:00Z,MAIN_PROPS,Defensive Rebounds O/U,Defensive Rebounds,Defensive Rebounds,Mouhamed Faye,2.5,,1.72,1.98
STOIXIMAN,2026-03-12_paris_basketball_asvel_lyon-villeurbanne,Paris Basketball vs ASVEL Lyon-Villeurbanne,2026-03-12T20:00:00Z,MAIN_PROPS,Defensive Rebounds O/U,Defensive Rebounds,Defensive Rebounds,Armel Traore,2.5,,1.72,1.98
STOIXIMAN,2026-03-12_paris_basketball_asvel_lyon-villeurbanne,Paris Basketball vs ASVEL Lyon-Villeurbanne,2026-03-12T20:00:00Z,MAIN_PROPS,Defensive Rebounds O/U,Defensive Rebounds,Defensive Rebounds,Zachary Seljaas,2.5,,2.22,1.57
STOIXIMAN,2026-03-12_paris_basketball_asvel_lyon-villeurbanne,Paris Basketball vs ASVEL Lyon-Villeurbanne,2026-03-12T20:00:00Z,MAIN_PROPS,Defensive Rebounds O/U,Defensive Rebounds,Defensive Rebounds,Derek Willis,2.5,,2.3,1.52
STOIXIMAN,2026-03-12_paris_basketball_asvel_lyon-villeurbanne,Paris Basketball vs ASVEL Lyon-Villeurbanne,2026-03-12T20:00:00Z,MAIN_PROPS,Defensive Rebounds O/U,Defensive Rebounds,Defensive Rebounds,Glynn Watson,1.5,,1.5,2.37
STOIXIMAN,2026-03-12_paris_basketball_asvel_lyon-villeurbanne,Paris Basketball vs ASVEL Lyon-Villeurbanne,2026-03-12T20:00:00Z,MAIN_PROPS,Defensive Rebounds O/U,Defensive Rebounds,Defensive Rebounds,Jared Rhoden,1.5,,1.52,2.32
STOIXIMAN,2026-03-12_paris_basketball_asvel_lyon-villeurbanne,Paris Basketball vs ASVEL Lyon-Villeurbanne,2026-03-12T20:00:00Z,ALT_PROPS,Three Point Shots Scored,3P_M,3P Made,Nadir Hifi,1.5,2+,1.34,
STOIXIMAN,2026-03-12_paris_basketball_asvel_lyon-villeurbanne,Paris Basketball vs ASVEL Lyon-Villeurbanne,2026-03-12T20:00:00Z,ALT_PROPS,Three Point Shots Scored,3P_M,3P Made,Nadir Hifi,2.5,3+,2.1,
STOIXIMAN,2026-03-12_paris_basketball_asvel_lyon-villeurbanne,Paris Basketball vs ASVEL Lyon-Villeurbanne,2026-03-12T20:00:00Z,ALT_PROPS,Three Point Shots Scored,3P_M,3P Made,Nadir Hifi,3.5,4+,3.8,
STOIXIMAN,2026-03-12_paris_basketball_asvel_lyon-villeurbanne,Paris Basketball vs ASVEL Lyon-Villeurbanne,2026-03-12T20:00:00Z,ALT_PROPS,Three Point Shots Scored,3P_M,3P Made,Nadir Hifi,4.5,5+,7.2,
STOIXIMAN,2026-03-12_paris_basketball_asvel_lyon-villeurbanne,Paris Basketball vs ASVEL Lyon-Villeurbanne,2026-03-12T20:00:00Z,ALT_PROPS,Three Point Shots Scored,3P_M,3P Made,Glynn Watson,1.5,2+,1.42,
STOIXIMAN,2026-03-12_paris_basketball_asvel_lyon-villeurbanne,Paris Basketball vs ASVEL Lyon-Villeurbanne,2026-03-12T20:00:00Z,ALT_PROPS,Three Point Shots Scored,3P_M,3P Made,Glynn Watson,2.5,3+,2.37,
STOIXIMAN,2026-03-12_paris_basketball_asvel_lyon-villeurbanne,Paris Basketball vs ASVEL Lyon-Villeurbanne,2026-03-12T20:00:00Z,ALT_PROPS,Three Point Shots Scored,3P_M,3P Made,Glynn Watson,3.5,4+,4.45,
STOIXIMAN,2026-03-12_paris_basketball_asvel_lyon-villeurbanne,Paris Basketball vs ASVEL Lyon-Villeurbanne,2026-03-12T20:00:00Z,ALT_PROPS,Three Point Shots Scored,3P_M,3P Made,Glynn Watson,4.5,5+,8.5,
STOIXIMAN,2026-03-12_paris_basketball_asvel_lyon-villeurbanne,Paris Basketball vs ASVEL Lyon-Villeurbanne,2026-03-12T20:00:00Z,ALT_PROPS,Three Point Shots Scored,3P_M,3P Made,Jared Rhoden,0.5,1+,1.1,
STOIXIMAN,2026-03-12_paris_basketball_asvel_lyon-villeurbanne,Paris Basketball vs ASVEL Lyon-Villeurbanne,2026-03-12T20:00:00Z,ALT_PROPS,Three Point Shots Scored,3P_M,3P Made,Jared Rhoden,1.5,2+,1.6,
STOIXIMAN,2026-03-12_paris_basketball_asvel_lyon-villeurbanne,Paris Basketball vs ASVEL Lyon-Villeurbanne,2026-03-12T20:00:00Z,ALT_PROPS,Three Point Shots Scored,3P_M,3P Made,Jared Rhoden,2.5,3+,2.92,
STOIXIMAN,2026-03-12_paris_basketball_asvel_lyon-villeurbanne,Paris Basketball vs ASVEL Lyon-Villeurbanne,2026-03-12T20:00:00Z,ALT_PROPS,Three Point Shots Scored,3P_M,3P Made,Jared Rhoden,3.5,4+,6.0,
STOIXIMAN,2026-03-12_paris_basketball_asvel_lyon-villeurbanne,Paris Basketball vs ASVEL Lyon-Villeurbanne,2026-03-12T20:00:00Z,ALT_PROPS,Three Point Shots Scored,3P_M,3P Made,Braian Angola,0.5,1+,1.12,
STOIXIMAN,2026-03-12_paris_basketball_asvel_lyon-villeurbanne,Paris Basketball vs ASVEL Lyon-Villeurbanne,2026-03-12T20:00:00Z,ALT_PROPS,Three Point Shots Scored,3P_M,3P Made,Braian Angola,1.5,2+,1.7,
STOIXIMAN,2026-03-12_paris_basketball_asvel_lyon-villeurbanne,Paris Basketball vs ASVEL Lyon-Villeurbanne,2026-03-12T20:00:00Z,ALT_PROPS,Three Point Shots Scored,3P_M,3P Made,Braian Angola,2.5,3+,3.25,
STOIXIMAN,2026-03-12_paris_basketball_asvel_lyon-villeurbanne,Paris Basketball vs ASVEL Lyon-Villeurbanne,2026-03-12T20:00:00Z,ALT_PROPS,Three Point Shots Scored,3P_M,3P Made,Braian Angola,3.5,4+,6.8,
STOIXIMAN,2026-03-12_paris_basketball_asvel_lyon-villeurbanne,Paris Basketball vs ASVEL Lyon-Villeurbanne,2026-03-12T20:00:00Z,ALT_PROPS,Three Point Shots Scored,3P_M,3P Made,Justin Robinson,0.5,1+,1.13,
STOIXIMAN,2026-03-12_paris_basketball_asvel_lyon-villeurbanne,Paris Basketball vs ASVEL Lyon-Villeurbanne,2026-03-12T20:00:00Z,ALT_PROPS,Three Point Shots Scored,3P_M,3P Made,Justin Robinson,1.5,2+,1.7,
STOIXIMAN,2026-03-12_paris_basketball_asvel_lyon-villeurbanne,Paris Basketball vs ASVEL Lyon-Villeurbanne,2026-03-12T20:00:00Z,ALT_PROPS,Three Point Shots Scored,3P_M,3P Made,Justin Robinson,2.5,3+,3.2,
STOIXIMAN,2026-03-12_paris_basketball_asvel_lyon-villeurbanne,Paris Basketball vs ASVEL Lyon-Villeurbanne,2026-03-12T20:00:00Z,ALT_PROPS,Three Point Shots Scored,3P_M,3P Made,Justin Robinson,3.5,4+,6.6,
STOIXIMAN,2026-03-12_paris_basketball_asvel_lyon-villeurbanne,Paris Basketball vs ASVEL Lyon-Villeurbanne,2026-03-12T20:00:00Z,ALT_PROPS,Three Point Shots Scored,3P_M,3P Made,Sebastian Herrera,0.5,1+,1.33,
STOIXIMAN,2026-03-12_paris_basketball_asvel_lyon-villeurbanne,Paris Basketball vs ASVEL Lyon-Villeurbanne,2026-03-12T20:00:00Z,ALT_PROPS,Three Point Shots Scored,3P_M,3P Made,Sebastian Herrera,1.5,2+,2.6,
STOIXIMAN,2026-03-12_paris_basketball_asvel_lyon-villeurbanne,Paris Basketball vs ASVEL Lyon-Villeurbanne,2026-03-12T20:00:00Z,ALT_PROPS,Three Point Shots Scored,3P_M,3P Made,Sebastian Herrera,2.5,3+,6.1,
STOIXIMAN,2026-03-12_paris_basketball_asvel_lyon-villeurbanne,Paris Basketball vs ASVEL Lyon-Villeurbanne,2026-03-12T20:00:00Z,ALT_PROPS,Three Point Shots Scored,3P_M,3P Made,Sebastian Herrera,3.5,4+,12.5,
STOIXIMAN,2026-03-12_paris_basketball_asvel_lyon-villeurbanne,Paris Basketball vs ASVEL Lyon-Villeurbanne,2026-03-12T20:00:00Z,ALT_PROPS,Three Point Shots Scored,3P_M,3P Made,Thomas Heurtel,0.5,1+,1.4,
STOIXIMAN,2026-03-12_paris_basketball_asvel_lyon-villeurbanne,Paris Basketball vs ASVEL Lyon-Villeurbanne,2026-03-12T20:00:00Z,ALT_PROPS,Three Point Shots Scored,3P_M,3P Made,Thomas Heurtel,1.5,2+,2.92,
STOIXIMAN,2026-03-12_paris_basketball_asvel_lyon-villeurbanne,Paris Basketball vs ASVEL Lyon-Villeurbanne,2026-03-12T20:00:00Z,ALT_PROPS,Three Point Shots Scored,3P_M,3P Made,Thomas Heurtel,2.5,3+,7.1,
STOIXIMAN,2026-03-12_paris_basketball_asvel_lyon-villeurbanne,Paris Basketball vs ASVEL Lyon-Villeurbanne,2026-03-12T20:00:00Z,ALT_PROPS,Three Point Shots Scored,3P_M,3P Made,Thomas Heurtel,3.5,4+,14.0,
STOIXIMAN,2026-03-12_paris_basketball_asvel_lyon-villeurbanne,Paris Basketball vs ASVEL Lyon-Villeurbanne,2026-03-12T20:00:00Z,ALT_PROPS,Three Point Shots Scored,3P_M,3P Made,Melvin Ajinca,0.5,1+,1.45,
STOIXIMAN,2026-03-12_paris_basketball_asvel_lyon-villeurbanne,Paris Basketball vs ASVEL Lyon-Villeurbanne,2026-03-12T20:00:00Z,ALT_PROPS,Three Point Shots Scored,3P_M,3P Made,Melvin Ajinca,1.5,2+,3.25,
STOIXIMAN,2026-03-12_paris_basketball_asvel_lyon-villeurbanne,Paris Basketball vs ASVEL Lyon-Villeurbanne,2026-03-12T20:00:00Z,ALT_PROPS,Three Point Shots Scored,3P_M,3P Made,Melvin Ajinca,2.5,3+,8.0,
STOIXIMAN,2026-03-12_paris_basketball_asvel_lyon-villeurbanne,Paris Basketball vs ASVEL Lyon-Villeurbanne,2026-03-12T20:00:00Z,ALT_PROPS,Three Point Shots Scored,3P_M,3P Made,Melvin Ajinca,3.5,4+,15.0,
STOIXIMAN,2026-03-12_paris_basketball_asvel_lyon-villeurbanne,Paris Basketball vs ASVEL Lyon-Villeurbanne,2026-03-12T20:00:00Z,ALT_PROPS,Three Point Shots Scored,3P_M,3P Made,Derek Willis,0.5,1+,1.65,
STOIXIMAN,2026-03-12_paris_basketball_asvel_lyon-villeurbanne,Paris Basketball vs ASVEL Lyon-Villeurbanne,2026-03-12T20:00:00Z,ALT_PROPS,Three Point Shots Scored,3P_M,3P Made,Derek Willis,1.5,2+,4.1,
STOIXIMAN,2026-03-12_paris_basketball_asvel_lyon-villeurbanne,Paris Basketball vs ASVEL Lyon-Villeurbanne,2026-03-12T20:00:00Z,ALT_PROPS,Three Point Shots Scored,3P_M,3P Made,Derek Willis,2.5,3+,10.5,
STOIXIMAN,2026-03-12_paris_basketball_asvel_lyon-villeurbanne,Paris Basketball vs ASVEL Lyon-Villeurbanne,2026-03-12T20:00:00Z,ALT_PROPS,Three Point Shots Scored,3P_M,3P Made,Derek Willis,3.5,4+,17.5,
STOIXIMAN,2026-03-12_paris_basketball_asvel_lyon-villeurbanne,Paris Basketball vs ASVEL Lyon-Villeurbanne,2026-03-12T20:00:00Z,ALT_PROPS,Three Point Shots Scored,3P_M,3P Made,Armel Traore,0.5,1+,1.95,
STOIXIMAN,2026-03-12_paris_basketball_asvel_lyon-villeurbanne,Paris Basketball vs ASVEL Lyon-Villeurbanne,2026-03-12T20:00:00Z,ALT_PROPS,Three Point Shots Scored,3P_M,3P Made,Armel Traore,1.5,2+,5.5,
STOIXIMAN,2026-03-12_paris_basketball_asvel_lyon-villeurbanne,Paris Basketball vs ASVEL Lyon-Villeurbanne,2026-03-12T20:00:00Z,ALT_PROPS,Three Point Shots Scored,3P_M,3P Made,Armel Traore,2.5,3+,13.5,
STOIXIMAN,2026-03-12_paris_basketball_asvel_lyon-villeurbanne,Paris Basketball vs ASVEL Lyon-Villeurbanne,2026-03-12T20:00:00Z,MAIN_PROPS,Total Three Point Shots Scored O/U,3P_M,3P Made,Nadir Hifi,2.5,,2.07,1.7
STOIXIMAN,2026-03-12_paris_basketball_asvel_lyon-villeurbanne,Paris Basketball vs ASVEL Lyon-Villeurbanne,2026-03-12T20:00:00Z,MAIN_PROPS,Total Three Point Shots Scored O/U,3P_M,3P Made,Glynn Watson,2.5,,2.35,1.55
STOIXIMAN,2026-03-12_paris_basketball_asvel_lyon-villeurbanne,Paris Basketball vs ASVEL Lyon-Villeurbanne,2026-03-12T20:00:00Z,MAIN_PROPS,Total Three Point Shots Scored O/U,3P_M,3P Made,Jared Rhoden,1.5,,1.62,2.22
STOIXIMAN,2026-03-12_paris_basketball_asvel_lyon-villeurbanne,Paris Basketball vs ASVEL Lyon-Villeurbanne,2026-03-12T20:00:00Z,MAIN_PROPS,Total Three Point Shots Scored O/U,3P_M,3P Made,Justin Robinson,1.5,,1.72,2.05
STOIXIMAN,2026-03-12_paris_basketball_asvel_lyon-villeurbanne,Paris Basketball vs ASVEL Lyon-Villeurbanne,2026-03-12T20:00:00Z,MAIN_PROPS,Total Three Point Shots Scored O/U,3P_M,3P Made,Braian Angola,1.5,,1.72,2.05
STOIXIMAN,2026-03-12_paris_basketball_asvel_lyon-villeurbanne,Paris Basketball vs ASVEL Lyon-Villeurbanne,2026-03-12T20:00:00Z,MAIN_PROPS,Total Three Point Shots Scored O/U,3P_M,3P Made,Sebastian Herrera,1.5,,2.55,1.47
STOIXIMAN,2026-03-12_paris_basketball_asvel_lyon-villeurbanne,Paris Basketball vs ASVEL Lyon-Villeurbanne,2026-03-12T20:00:00Z,MAIN_PROPS,Total Three Point Shots Scored O/U,3P_M,3P Made,Thomas Heurtel,0.5,,1.42,2.7
STOIXIMAN,2026-03-12_paris_basketball_asvel_lyon-villeurbanne,Paris Basketball vs ASVEL Lyon-Villeurbanne,2026-03-12T20:00:00Z,MAIN_PROPS,Total Three Point Shots Scored O/U,3P_M,3P Made,Melvin Ajinca,0.5,,1.47,2.55
STOIXIMAN,2026-03-12_paris_basketball_asvel_lyon-villeurbanne,Paris Basketball vs ASVEL Lyon-Villeurbanne,2026-03-12T20:00:00Z,MAIN_PROPS,Total Three Point Shots Scored O/U,3P_M,3P Made,Derek Willis,0.5,,1.65,2.15
STOIXIMAN,2026-03-12_paris_basketball_asvel_lyon-villeurbanne,Paris Basketball vs ASVEL Lyon-Villeurbanne,2026-03-12T20:00:00Z,MAIN_PROPS,Total Three Point Shots Scored O/U,3P_M,3P Made,Armel Traore,0.5,,1.95,1.8
STOIXIMAN,2026-03-12_paris_basketball_asvel_lyon-villeurbanne,Paris Basketball vs ASVEL Lyon-Villeurbanne,2026-03-12T20:00:00Z,MAIN_PROPS,Total Two Point Shots Scored O/U,2P_M,2P Made,Nadir Hifi,3.5,,1.8,1.91
STOIXIMAN,2026-03-12_paris_basketball_asvel_lyon-villeurbanne,Paris Basketball vs ASVEL Lyon-Villeurbanne,2026-03-12T20:00:00Z,MAIN_PROPS,Total Two Point Shots Scored O/U,2P_M,2P Made,Jared Rhoden,2.5,,1.7,2.02
STOIXIMAN,2026-03-12_paris_basketball_asvel_lyon-villeurbanne,Paris Basketball vs ASVEL Lyon-Villeurbanne,2026-03-12T20:00:00Z,MAIN_PROPS,Total Two Point Shots Scored O/U,2P_M,2P Made,Lamar Stevens,2.5,,1.75,1.95
STOIXIMAN,2026-03-12_paris_basketball_asvel_lyon-villeurbanne,Paris Basketball vs ASVEL Lyon-Villeurbanne,2026-03-12T20:00:00Z,MAIN_PROPS,Total Two Point Shots Scored O/U,2P_M,2P Made,Justin Robinson,2.5,,1.98,1.75
STOIXIMAN,2026-03-12_paris_basketball_asvel_lyon-villeurbanne,Paris Basketball vs ASVEL Lyon-Villeurbanne,2026-03-12T20:00:00Z,MAIN_PROPS,Total Two Point Shots Scored O/U,2P_M,2P Made,Glynn Watson,2.5,,2.0,1.72
STOIXIMAN,2026-03-12_paris_basketball_asvel_lyon-villeurbanne,Paris Basketball vs ASVEL Lyon-Villeurbanne,2026-03-12T20:00:00Z,MAIN_PROPS,Total Two Point Shots Scored O/U,2P_M,2P Made,Armel Traore,2.5,,2.18,1.62
STOIXIMAN,2026-03-12_paris_basketball_asvel_lyon-villeurbanne,Paris Basketball vs ASVEL Lyon-Villeurbanne,2026-03-12T20:00:00Z,MAIN_PROPS,Total Two Point Shots Scored O/U,2P_M,2P Made,Braian Angola,2.5,,2.35,1.53
STOIXIMAN,2026-03-12_paris_basketball_asvel_lyon-villeurbanne,Paris Basketball vs ASVEL Lyon-Villeurbanne,2026-03-12T20:00:00Z,MAIN_PROPS,Total Two Point Shots Scored O/U,2P_M,2P Made,Thomas Heurtel,1.5,,1.5,2.4
STOIXIMAN,2026-03-12_paris_basketball_asvel_lyon-villeurbanne,Paris Basketball vs ASVEL Lyon-Villeurbanne,2026-03-12T20:00:00Z,MAIN_PROPS,Field Goals Scored O/U,FGM,FG Made,Nadir Hifi,6.5,,2.4,1.5
STOIXIMAN,2026-03-12_paris_basketball_asvel_lyon-villeurbanne,Paris Basketball vs ASVEL Lyon-Villeurbanne,2026-03-12T20:00:00Z,MAIN_PROPS,Field Goals Scored O/U,FGM,FG Made,Glynn Watson,4.5,,1.72,2.0
STOIXIMAN,2026-03-12_paris_basketball_asvel_lyon-villeurbanne,Paris Basketball vs ASVEL Lyon-Villeurbanne,2026-03-12T20:00:00Z,MAIN_PROPS,Field Goals Scored O/U,FGM,FG Made,Jared Rhoden,4.5,,1.8,1.9
STOIXIMAN,2026-03-12_paris_basketball_asvel_lyon-villeurbanne,Paris Basketball vs ASVEL Lyon-Villeurbanne,2026-03-12T20:00:00Z,MAIN_PROPS,Field Goals Scored O/U,FGM,FG Made,Braian Angola,4.5,,2.2,1.6
STOIXIMAN,2026-03-12_paris_basketball_asvel_lyon-villeurbanne,Paris Basketball vs ASVEL Lyon-Villeurbanne,2026-03-12T20:00:00Z,MAIN_PROPS,Free Throws Scored O/U,FT_M,Free Throws Made,Braian Angola,6.5,,1.98,1.75
STOIXIMAN,2026-03-12_paris_basketball_asvel_lyon-villeurbanne,Paris Basketball vs ASVEL Lyon-Villeurbanne,2026-03-12T20:00:00Z,MAIN_PROPS,Free Throws Scored O/U,FT_M,Free Throws Made,Nadir Hifi,4.5,,1.78,1.93
STOIXIMAN,2026-03-12_paris_basketball_asvel_lyon-villeurbanne,Paris Basketball vs ASVEL Lyon-Villeurbanne,2026-03-12T20:00:00Z,MAIN_PROPS,Free Throws Scored O/U,FT_M,Free Throws Made,Justin Robinson,3.5,,1.75,1.95
STOIXIMAN,2026-03-12_paris_basketball_asvel_lyon-villeurbanne,Paris Basketball vs ASVEL Lyon-Villeurbanne,2026-03-12T20:00:00Z,MAIN_PROPS,Free Throws Scored O/U,FT_M,Free Throws Made,Glynn Watson,2.5,,2.18,1.6
STOIXIMAN,2026-03-12_paris_basketball_asvel_lyon-villeurbanne,Paris Basketball vs ASVEL Lyon-Villeurbanne,2026-03-12T20:00:00Z,MAIN_PROPS,Free Throws Scored O/U,FT_M,Free Throws Made,Thomas Heurtel,1.5,,1.6,2.2
STOIXIMAN,2026-03-12_paris_basketball_asvel_lyon-villeurbanne,Paris Basketball vs ASVEL Lyon-Villeurbanne,2026-03-12T20:00:00Z,MAIN_PROPS,Free Throws Scored O/U,FT_M,Free Throws Made,Lamar Stevens,1.5,,1.75,1.95
STOIXIMAN,2026-03-12_paris_basketball_asvel_lyon-villeurbanne,Paris Basketball vs ASVEL Lyon-Villeurbanne,2026-03-12T20:00:00Z,MAIN_PROPS,Free Throws Scored O/U,FT_M,Free Throws Made,Jared Rhoden,1.5,,2.05,1.7
STOIXIMAN,2026-03-12_paris_basketball_asvel_lyon-villeurbanne,Paris Basketball vs ASVEL Lyon-Villeurbanne,2026-03-12T20:00:00Z,MAIN_PROPS,Free Throws Scored O/U,FT_M,Free Throws Made,Shaquille Harrison,0.5,,1.83,1.88
STOIXIMAN,2026-03-12_paris_basketball_asvel_lyon-villeurbanne,Paris Basketball vs ASVEL Lyon-Villeurbanne,2026-03-12T20:00:00Z,MAIN_PROPS,Double-Double,DD,Double Double,Braian Angola,0.5,YES/NO,14.0,1.004
STOIXIMAN,2026-03-12_paris_basketball_asvel_lyon-villeurbanne,Paris Basketball vs ASVEL Lyon-Villeurbanne,2026-03-12T20:00:00Z,MAIN_PROPS,Double-Double,DD,Double Double,Nadir Hifi,0.5,YES/NO,15.5,1.003
STOIXIMAN,2026-03-12_paris_basketball_asvel_lyon-villeurbanne,Paris Basketball vs ASVEL Lyon-Villeurbanne,2026-03-12T20:00:00Z,MAIN_PROPS,Double-Double,DD,Double Double,Glynn Watson,0.5,YES/NO,22.0,1.001
STOIXIMAN,2026-03-12_paris_basketball_asvel_lyon-villeurbanne,Paris Basketball vs ASVEL Lyon-Villeurbanne,2026-03-12T20:00:00Z,MAIN_PROPS,Double-Double,DD,Double Double,Jared Rhoden,0.5,YES/NO,32.0,1.001
STOIXIMAN,2026-03-12_paris_basketball_asvel_lyon-villeurbanne,Paris Basketball vs ASVEL Lyon-Villeurbanne,2026-03-12T20:00:00Z,MAIN_PROPS,Double-Double,DD,Double Double,Zachary Seljaas,0.5,YES/NO,40.0,1.001
STOIXIMAN,2026-03-12_paris_basketball_asvel_lyon-villeurbanne,Paris Basketball vs ASVEL Lyon-Villeurbanne,2026-03-12T20:00:00Z,ALT_PROPS,Steals,ST,Steals,Braian Angola,0.5,1+,1.42,
STOIXIMAN,2026-03-12_paris_basketball_asvel_lyon-villeurbanne,Paris Basketball vs ASVEL Lyon-Villeurbanne,2026-03-12T20:00:00Z,ALT_PROPS,Steals,ST,Steals,Braian Angola,1.5,2+,3.0,
STOIXIMAN,2026-03-12_paris_basketball_asvel_lyon-villeurbanne,Paris Basketball vs ASVEL Lyon-Villeurbanne,2026-03-12T20:00:00Z,ALT_PROPS,Steals,ST,Steals,Braian Angola,2.5,3+,7.1,
STOIXIMAN,2026-03-12_paris_basketball_asvel_lyon-villeurbanne,Paris Basketball vs ASVEL Lyon-Villeurbanne,2026-03-12T20:00:00Z,ALT_PROPS,Steals,ST,Steals,Braian Angola,3.5,4+,14.0,
STOIXIMAN,2026-03-12_paris_basketball_asvel_lyon-villeurbanne,Paris Basketball vs ASVEL Lyon-Villeurbanne,2026-03-12T20:00:00Z,ALT_PROPS,Steals,ST,Steals,Glynn Watson,0.5,1+,1.42,
STOIXIMAN,2026-03-12_paris_basketball_asvel_lyon-villeurbanne,Paris Basketball vs ASVEL Lyon-Villeurbanne,2026-03-12T20:00:00Z,ALT_PROPS,Steals,ST,Steals,Glynn Watson,1.5,2+,2.95,
STOIXIMAN,2026-03-12_paris_basketball_asvel_lyon-villeurbanne,Paris Basketball vs ASVEL Lyon-Villeurbanne,2026-03-12T20:00:00Z,ALT_PROPS,Steals,ST,Steals,Glynn Watson,2.5,3+,7.0,
STOIXIMAN,2026-03-12_paris_basketball_asvel_lyon-villeurbanne,Paris Basketball vs ASVEL Lyon-Villeurbanne,2026-03-12T20:00:00Z,ALT_PROPS,Steals,ST,Steals,Glynn Watson,3.5,4+,14.0,
STOIXIMAN,2026-03-12_paris_basketball_asvel_lyon-villeurbanne,Paris Basketball vs ASVEL Lyon-Villeurbanne,2026-03-12T20:00:00Z,ALT_PROPS,Steals,ST,Steals,Justin Robinson,0.5,1+,1.44,
STOIXIMAN,2026-03-12_paris_basketball_asvel_lyon-villeurbanne,Paris Basketball vs ASVEL Lyon-Villeurbanne,2026-03-12T20:00:00Z,ALT_PROPS,Steals,ST,Steals,Justin Robinson,1.5,2+,3.1,
STOIXIMAN,2026-03-12_paris_basketball_asvel_lyon-villeurbanne,Paris Basketball vs ASVEL Lyon-Villeurbanne,2026-03-12T20:00:00Z,ALT_PROPS,Steals,ST,Steals,Justin Robinson,2.5,3+,7.5,
STOIXIMAN,2026-03-12_paris_basketball_asvel_lyon-villeurbanne,Paris Basketball vs ASVEL Lyon-Villeurbanne,2026-03-12T20:00:00Z,ALT_PROPS,Steals,ST,Steals,Justin Robinson,3.5,4+,14.5,
STOIXIMAN,2026-03-12_paris_basketball_asvel_lyon-villeurbanne,Paris Basketball vs ASVEL Lyon-Villeurbanne,2026-03-12T20:00:00Z,ALT_PROPS,Steals,ST,Steals,Jared Rhoden,0.5,1+,1.6,
STOIXIMAN,2026-03-12_paris_basketball_asvel_lyon-villeurbanne,Paris Basketball vs ASVEL Lyon-Villeurbanne,2026-03-12T20:00:00Z,ALT_PROPS,Steals,ST,Steals,Jared Rhoden,1.5,2+,3.9,
STOIXIMAN,2026-03-12_paris_basketball_asvel_lyon-villeurbanne,Paris Basketball vs ASVEL Lyon-Villeurbanne,2026-03-12T20:00:00Z,ALT_PROPS,Steals,ST,Steals,Jared Rhoden,2.5,3+,9.5,
STOIXIMAN,2026-03-12_paris_basketball_asvel_lyon-villeurbanne,Paris Basketball vs ASVEL Lyon-Villeurbanne,2026-03-12T20:00:00Z,ALT_PROPS,Steals,ST,Steals,Jared Rhoden,3.5,4+,16.5,
STOIXIMAN,2026-03-12_paris_basketball_asvel_lyon-villeurbanne,Paris Basketball vs ASVEL Lyon-Villeurbanne,2026-03-12T20:00:00Z,MAIN_PROPS,Steals O/U,ST,Steals,Glynn Watson,0.5,,1.44,2.55
STOIXIMAN,2026-03-12_paris_basketball_asvel_lyon-villeurbanne,Paris Basketball vs ASVEL Lyon-Villeurbanne,2026-03-12T20:00:00Z,MAIN_PROPS,Steals O/U,ST,Steals,Braian Angola,0.5,,1.44,2.55
STOIXIMAN,2026-03-12_paris_basketball_asvel_lyon-villeurbanne,Paris Basketball vs ASVEL Lyon-Villeurbanne,2026-03-12T20:00:00Z,MAIN_PROPS,Steals O/U,ST,Steals,Justin Robinson,0.5,,1.45,2.47
STOIXIMAN,2026-03-12_paris_basketball_asvel_lyon-villeurbanne,Paris Basketball vs ASVEL Lyon-Villeurbanne,2026-03-12T20:00:00Z,MAIN_PROPS,Steals O/U,ST,Steals,Jared Rhoden,0.5,,1.62,2.12
STOIXIMAN,2026-03-12_paris_basketball_asvel_lyon-villeurbanne,Paris Basketball vs ASVEL Lyon-Villeurbanne,2026-03-12T20:00:00Z,ALT_PROPS,Blocks,BL,Blocks,Mouhamed Faye,0.5,1+,1.37,
STOIXIMAN,2026-03-12_paris_basketball_asvel_lyon-villeurbanne,Paris Basketball vs ASVEL Lyon-Villeurbanne,2026-03-12T20:00:00Z,ALT_PROPS,Blocks,BL,Blocks,Mouhamed Faye,1.5,2+,2.77,
STOIXIMAN,2026-03-12_paris_basketball_asvel_lyon-villeurbanne,Paris Basketball vs ASVEL Lyon-Villeurbanne,2026-03-12T20:00:00Z,ALT_PROPS,Blocks,BL,Blocks,Mouhamed Faye,2.5,3+,6.3,
STOIXIMAN,2026-03-12_paris_basketball_asvel_lyon-villeurbanne,Paris Basketball vs ASVEL Lyon-Villeurbanne,2026-03-12T20:00:00Z,ALT_PROPS,Blocks,BL,Blocks,Mouhamed Faye,3.5,4+,13.0,
STOIXIMAN,2026-03-12_paris_basketball_asvel_lyon-villeurbanne,Paris Basketball vs ASVEL Lyon-Villeurbanne,2026-03-12T20:00:00Z,ALT_PROPS,Blocks,BL,Blocks,Armel Traore,0.5,1+,1.82,
STOIXIMAN,2026-03-12_paris_basketball_asvel_lyon-villeurbanne,Paris Basketball vs ASVEL Lyon-Villeurbanne,2026-03-12T20:00:00Z,ALT_PROPS,Blocks,BL,Blocks,Armel Traore,1.5,2+,5.0,
STOIXIMAN,2026-03-12_paris_basketball_asvel_lyon-villeurbanne,Paris Basketball vs ASVEL Lyon-Villeurbanne,2026-03-12T20:00:00Z,ALT_PROPS,Blocks,BL,Blocks,Armel Traore,2.5,3+,12.5,
STOIXIMAN,2026-03-12_paris_basketball_asvel_lyon-villeurbanne,Paris Basketball vs ASVEL Lyon-Villeurbanne,2026-03-12T20:00:00Z,ALT_PROPS,Blocks,BL,Blocks,Armel Traore,3.5,4+,18.0,
STOIXIMAN,2026-03-12_paris_basketball_asvel_lyon-villeurbanne,Paris Basketball vs ASVEL Lyon-Villeurbanne,2026-03-12T20:00:00Z,ALT_PROPS,Blocks,BL,Blocks,Derek Willis,0.5,1+,3.5,
STOIXIMAN,2026-03-12_paris_basketball_asvel_lyon-villeurbanne,Paris Basketball vs ASVEL Lyon-Villeurbanne,2026-03-12T20:00:00Z,ALT_PROPS,Blocks,BL,Blocks,Derek Willis,1.5,2+,12.0,
STOIXIMAN,2026-03-12_paris_basketball_asvel_lyon-villeurbanne,Paris Basketball vs ASVEL Lyon-Villeurbanne,2026-03-12T20:00:00Z,ALT_PROPS,Blocks,BL,Blocks,Shaquille Harrison,0.5,1+,4.3,
STOIXIMAN,2026-03-12_paris_basketball_asvel_lyon-villeurbanne,Paris Basketball vs ASVEL Lyon-Villeurbanne,2026-03-12T20:00:00Z,ALT_PROPS,Blocks,BL,Blocks,Shaquille Harrison,1.5,2+,15.0,
STOIXIMAN,2026-03-12_paris_basketball_asvel_lyon-villeurbanne,Paris Basketball vs ASVEL Lyon-Villeurbanne,2026-03-12T20:00:00Z,MAIN_PROPS,Blocks O/U,BL,Blocks,Mouhamed Faye,0.5,,1.39,2.7
STOIXIMAN,2026-03-12_paris_basketball_asvel_lyon-villeurbanne,Paris Basketball vs ASVEL Lyon-Villeurbanne,2026-03-12T20:00:00Z,MAIN_PROPS,Blocks O/U,BL,Blocks,Armel Traore,0.5,,1.82,1.85
STOIXIMAN,2026-03-12_paris_basketball_asvel_lyon-villeurbanne,Paris Basketball vs ASVEL Lyon-Villeurbanne,2026-03-12T20:00:00Z,MAIN_PROPS,Blocks O/U,BL,Blocks,Derek Willis,0.5,,3.35,1.27
STOIXIMAN,2026-03-12_paris_basketball_asvel_lyon-villeurbanne,Paris Basketball vs ASVEL Lyon-Villeurbanne,2026-03-12T20:00:00Z,MAIN_PROPS,Blocks O/U,BL,Blocks,Shaquille Harrison,0.5,,4.05,1.19
STOIXIMAN,2026-03-12_paris_basketball_asvel_lyon-villeurbanne,Paris Basketball vs ASVEL Lyon-Villeurbanne,2026-03-12T20:00:00Z,MAIN_PROPS,Turnovers O/U,TO,Turnovers,Thomas Heurtel,2.5,,1.67,2.07
STOIXIMAN,2026-03-12_paris_basketball_asvel_lyon-villeurbanne,Paris Basketball vs ASVEL Lyon-Villeurbanne,2026-03-12T20:00:00Z,MAIN_PROPS,Turnovers O/U,TO,Turnovers,Nadir Hifi,2.5,,2.25,1.57
STOIXIMAN,2026-03-12_paris_basketball_asvel_lyon-villeurbanne,Paris Basketball vs ASVEL Lyon-Villeurbanne,2026-03-12T20:00:00Z,MAIN_PROPS,Turnovers O/U,TO,Turnovers,Justin Robinson,2.5,,2.35,1.53
STOIXIMAN,2026-03-12_paris_basketball_asvel_lyon-villeurbanne,Paris Basketball vs ASVEL Lyon-Villeurbanne,2026-03-12T20:00:00Z,MAIN_PROPS,Turnovers O/U,TO,Turnovers,Glynn Watson,1.5,,2.25,1.57
STOIXIMAN,2026-03-12_paris_basketball_asvel_lyon-villeurbanne,Paris Basketball vs ASVEL Lyon-Villeurbanne,2026-03-12T20:00:00Z,MAIN_PROPS,Turnovers O/U,TO,Turnovers,Armel Traore,0.5,,1.45,2.57
STOIXIMAN,2026-03-12_paris_basketball_asvel_lyon-villeurbanne,Paris Basketball vs ASVEL Lyon-Villeurbanne,2026-03-12T20:00:00Z,MAIN_PROPS,Turnovers O/U,TO,Turnovers,Lamar Stevens,0.5,,1.53,2.35
STOIXIMAN,2026-03-12_paris_basketball_asvel_lyon-villeurbanne,Paris Basketball vs ASVEL Lyon-Villeurbanne,2026-03-12T20:00:00Z,ALT_PROPS,Points+Rebounds+Assists,PRA,Points + Rebounds + Ass,Nadir Hifi,23.5,24+,1.5,
STOIXIMAN,2026-03-12_paris_basketball_asvel_lyon-villeurbanne,Paris Basketball vs ASVEL Lyon-Villeurbanne,2026-03-12T20:00:00Z,ALT_PROPS,Points+Rebounds+Assists,PRA,Points + Rebounds + Ass,Nadir Hifi,25.5,26+,1.82,
STOIXIMAN,2026-03-12_paris_basketball_asvel_lyon-villeurbanne,Paris Basketball vs ASVEL Lyon-Villeurbanne,2026-03-12T20:00:00Z,ALT_PROPS,Points+Rebounds+Assists,PRA,Points + Rebounds + Ass,Nadir Hifi,27.5,28+,2.3,
STOIXIMAN,2026-03-12_paris_basketball_asvel_lyon-villeurbanne,Paris Basketball vs ASVEL Lyon-Villeurbanne,2026-03-12T20:00:00Z,ALT_PROPS,Points+Rebounds+Assists,PRA,Points + Rebounds + Ass,Nadir Hifi,29.5,30+,3.05,
STOIXIMAN,2026-03-12_paris_basketball_asvel_lyon-villeurbanne,Paris Basketball vs ASVEL Lyon-Villeurbanne,2026-03-12T20:00:00Z,ALT_PROPS,Points+Rebounds+Assists,PRA,Points + Rebounds + Ass,Nadir Hifi,31.5,32+,4.05,
STOIXIMAN,2026-03-12_paris_basketball_asvel_lyon-villeurbanne,Paris Basketball vs ASVEL Lyon-Villeurbanne,2026-03-12T20:00:00Z,ALT_PROPS,Points+Rebounds+Assists,PRA,Points + Rebounds + Ass,Nadir Hifi,33.5,34+,5.6,
STOIXIMAN,2026-03-12_paris_basketball_asvel_lyon-villeurbanne,Paris Basketball vs ASVEL Lyon-Villeurbanne,2026-03-12T20:00:00Z,ALT_PROPS,Points+Rebounds+Assists,PRA,Points + Rebounds + Ass,Nadir Hifi,35.5,36+,7.7,
STOIXIMAN,2026-03-12_paris_basketball_asvel_lyon-villeurbanne,Paris Basketball vs ASVEL Lyon-Villeurbanne,2026-03-12T20:00:00Z,ALT_PROPS,Points+Rebounds+Assists,PRA,Points + Rebounds + Ass,Nadir Hifi,37.5,38+,10.25,
STOIXIMAN,2026-03-12_paris_basketball_asvel_lyon-villeurbanne,Paris Basketball vs ASVEL Lyon-Villeurbanne,2026-03-12T20:00:00Z,ALT_PROPS,Points+Rebounds+Assists,PRA,Points + Rebounds + Ass,Nadir Hifi,39.5,40+,13.0,
STOIXIMAN,2026-03-12_paris_basketball_asvel_lyon-villeurbanne,Paris Basketball vs ASVEL Lyon-Villeurbanne,2026-03-12T20:00:00Z,ALT_PROPS,Points+Rebounds+Assists,PRA,Points + Rebounds + Ass,Braian Angola,21.5,22+,1.53,
STOIXIMAN,2026-03-12_paris_basketball_asvel_lyon-villeurbanne,Paris Basketball vs ASVEL Lyon-Villeurbanne,2026-03-12T20:00:00Z,ALT_PROPS,Points+Rebounds+Assists,PRA,Points + Rebounds + Ass,Braian Angola,22.5,23+,1.7,
STOIXIMAN,2026-03-12_paris_basketball_asvel_lyon-villeurbanne,Paris Basketball vs ASVEL Lyon-Villeurbanne,2026-03-12T20:00:00Z,ALT_PROPS,Points+Rebounds+Assists,PRA,Points + Rebounds + Ass,Braian Angola,23.5,24+,1.88,
STOIXIMAN,2026-03-12_paris_basketball_asvel_lyon-villeurbanne,Paris Basketball vs ASVEL Lyon-Villeurbanne,2026-03-12T20:00:00Z,ALT_PROPS,Points+Rebounds+Assists,PRA,Points + Rebounds + Ass,Braian Angola,24.5,25+,2.15,
STOIXIMAN,2026-03-12_paris_basketball_asvel_lyon-villeurbanne,Paris Basketball vs ASVEL Lyon-Villeurbanne,2026-03-12T20:00:00Z,ALT_PROPS,Points+Rebounds+Assists,PRA,Points + Rebounds + Ass,Braian Angola,25.5,26+,2.42,
STOIXIMAN,2026-03-12_paris_basketball_asvel_lyon-villeurbanne,Paris Basketball vs ASVEL Lyon-Villeurbanne,2026-03-12T20:00:00Z,ALT_PROPS,Points+Rebounds+Assists,PRA,Points + Rebounds + Ass,Braian Angola,26.5,27+,2.8,
STOIXIMAN,2026-03-12_paris_basketball_asvel_lyon-villeurbanne,Paris Basketball vs ASVEL Lyon-Villeurbanne,2026-03-12T20:00:00Z,ALT_PROPS,Points+Rebounds+Assists,PRA,Points + Rebounds + Ass,Braian Angola,27.5,28+,3.25,
STOIXIMAN,2026-03-12_paris_basketball_asvel_lyon-villeurbanne,Paris Basketball vs ASVEL Lyon-Villeurbanne,2026-03-12T20:00:00Z,ALT_PROPS,Points+Rebounds+Assists,PRA,Points + Rebounds + Ass,Braian Angola,28.5,29+,3.8,
STOIXIMAN,2026-03-12_paris_basketball_asvel_lyon-villeurbanne,Paris Basketball vs ASVEL Lyon-Villeurbanne,2026-03-12T20:00:00Z,ALT_PROPS,Points+Rebounds+Assists,PRA,Points + Rebounds + Ass,Braian Angola,29.5,30+,4.5,
STOIXIMAN,2026-03-12_paris_basketball_asvel_lyon-villeurbanne,Paris Basketball vs ASVEL Lyon-Villeurbanne,2026-03-12T20:00:00Z,ALT_PROPS,Points+Rebounds+Assists,PRA,Points + Rebounds + Ass,Glynn Watson,17.5,18+,1.45,
STOIXIMAN,2026-03-12_paris_basketball_asvel_lyon-villeurbanne,Paris Basketball vs ASVEL Lyon-Villeurbanne,2026-03-12T20:00:00Z,ALT_PROPS,Points+Rebounds+Assists,PRA,Points + Rebounds + Ass,Glynn Watson,19.5,20+,1.8,
STOIXIMAN,2026-03-12_paris_basketball_asvel_lyon-villeurbanne,Paris Basketball vs ASVEL Lyon-Villeurbanne,2026-03-12T20:00:00Z,ALT_PROPS,Points+Rebounds+Assists,PRA,Points + Rebounds + Ass,Glynn Watson,21.5,22+,2.32,
STOIXIMAN,2026-03-12_paris_basketball_asvel_lyon-villeurbanne,Paris Basketball vs ASVEL Lyon-Villeurbanne,2026-03-12T20:00:00Z,ALT_PROPS,Points+Rebounds+Assists,PRA,Points + Rebounds + Ass,Glynn Watson,23.5,24+,3.15,
STOIXIMAN,2026-03-12_paris_basketball_asvel_lyon-villeurbanne,Paris Basketball vs ASVEL Lyon-Villeurbanne,2026-03-12T20:00:00Z,ALT_PROPS,Points+Rebounds+Assists,PRA,Points + Rebounds + Ass,Glynn Watson,25.5,26+,4.4,
STOIXIMAN,2026-03-12_paris_basketball_asvel_lyon-villeurbanne,Paris Basketball vs ASVEL Lyon-Villeurbanne,2026-03-12T20:00:00Z,ALT_PROPS,Points+Rebounds+Assists,PRA,Points + Rebounds + Ass,Glynn Watson,27.5,28+,6.3,
STOIXIMAN,2026-03-12_paris_basketball_asvel_lyon-villeurbanne,Paris Basketball vs ASVEL Lyon-Villeurbanne,2026-03-12T20:00:00Z,ALT_PROPS,Points+Rebounds+Assists,PRA,Points + Rebounds + Ass,Glynn Watson,29.5,30+,8.75,
STOIXIMAN,2026-03-12_paris_basketball_asvel_lyon-villeurbanne,Paris Basketball vs ASVEL Lyon-Villeurbanne,2026-03-12T20:00:00Z,ALT_PROPS,Points+Rebounds+Assists,PRA,Points + Rebounds + Ass,Glynn Watson,31.5,32+,11.75,
STOIXIMAN,2026-03-12_paris_basketball_asvel_lyon-villeurbanne,Paris Basketball vs ASVEL Lyon-Villeurbanne,2026-03-12T20:00:00Z,ALT_PROPS,Points+Rebounds+Assists,PRA,Points + Rebounds + Ass,Glynn Watson,33.5,34+,14.5,
STOIXIMAN,2026-03-12_paris_basketball_asvel_lyon-villeurbanne,Paris Basketball vs ASVEL Lyon-Villeurbanne,2026-03-12T20:00:00Z,ALT_PROPS,Points+Rebounds+Assists,PRA,Points + Rebounds + Ass,Jared Rhoden,15.5,16+,1.5,
STOIXIMAN,2026-03-12_paris_basketball_asvel_lyon-villeurbanne,Paris Basketball vs ASVEL Lyon-Villeurbanne,2026-03-12T20:00:00Z,ALT_PROPS,Points+Rebounds+Assists,PRA,Points + Rebounds + Ass,Jared Rhoden,17.5,18+,1.9,
STOIXIMAN,2026-03-12_paris_basketball_asvel_lyon-villeurbanne,Paris Basketball vs ASVEL Lyon-Villeurbanne,2026-03-12T20:00:00Z,ALT_PROPS,Points+Rebounds+Assists,PRA,Points + Rebounds + Ass,Jared Rhoden,19.5,20+,2.52,
STOIXIMAN,2026-03-12_paris_basketball_asvel_lyon-villeurbanne,Paris Basketball vs ASVEL Lyon-Villeurbanne,2026-03-12T20:00:00Z,ALT_PROPS,Points+Rebounds+Assists,PRA,Points + Rebounds + Ass,Jared Rhoden,21.5,22+,3.5,
STOIXIMAN,2026-03-12_paris_basketball_asvel_lyon-villeurbanne,Paris Basketball vs ASVEL Lyon-Villeurbanne,2026-03-12T20:00:00Z,ALT_PROPS,Points+Rebounds+Assists,PRA,Points + Rebounds + Ass,Jared Rhoden,23.5,24+,5.0,
STOIXIMAN,2026-03-12_paris_basketball_asvel_lyon-villeurbanne,Paris Basketball vs ASVEL Lyon-Villeurbanne,2026-03-12T20:00:00Z,ALT_PROPS,Points+Rebounds+Assists,PRA,Points + Rebounds + Ass,Jared Rhoden,25.5,26+,7.0,
STOIXIMAN,2026-03-12_paris_basketball_asvel_lyon-villeurbanne,Paris Basketball vs ASVEL Lyon-Villeurbanne,2026-03-12T20:00:00Z,ALT_PROPS,Points+Rebounds+Assists,PRA,Points + Rebounds + Ass,Jared Rhoden,27.5,28+,9.75,
STOIXIMAN,2026-03-12_paris_basketball_asvel_lyon-villeurbanne,Paris Basketball vs ASVEL Lyon-Villeurbanne,2026-03-12T20:00:00Z,ALT_PROPS,Points+Rebounds+Assists,PRA,Points + Rebounds + Ass,Jared Rhoden,29.5,30+,13.0,
STOIXIMAN,2026-03-12_paris_basketball_asvel_lyon-villeurbanne,Paris Basketball vs ASVEL Lyon-Villeurbanne,2026-03-12T20:00:00Z,ALT_PROPS,Points+Rebounds+Assists,PRA,Points + Rebounds + Ass,Jared Rhoden,31.5,32+,15.5,
STOIXIMAN,2026-03-12_paris_basketball_asvel_lyon-villeurbanne,Paris Basketball vs ASVEL Lyon-Villeurbanne,2026-03-12T20:00:00Z,ALT_PROPS,Points+Rebounds+Assists,PRA,Points + Rebounds + Ass,Zachary Seljaas,9.5,10+,1.44,
STOIXIMAN,2026-03-12_paris_basketball_asvel_lyon-villeurbanne,Paris Basketball vs ASVEL Lyon-Villeurbanne,2026-03-12T20:00:00Z,ALT_PROPS,Points+Rebounds+Assists,PRA,Points + Rebounds + Ass,Zachary Seljaas,11.5,12+,1.9,
STOIXIMAN,2026-03-12_paris_basketball_asvel_lyon-villeurbanne,Paris Basketball vs ASVEL Lyon-Villeurbanne,2026-03-12T20:00:00Z,ALT_PROPS,Points+Rebounds+Assists,PRA,Points + Rebounds + Ass,Zachary Seljaas,13.5,14+,2.7,
STOIXIMAN,2026-03-12_paris_basketball_asvel_lyon-villeurbanne,Paris Basketball vs ASVEL Lyon-Villeurbanne,2026-03-12T20:00:00Z,ALT_PROPS,Points+Rebounds+Assists,PRA,Points + Rebounds + Ass,Zachary Seljaas,15.5,16+,4.05,
STOIXIMAN,2026-03-12_paris_basketball_asvel_lyon-villeurbanne,Paris Basketball vs ASVEL Lyon-Villeurbanne,2026-03-12T20:00:00Z,ALT_PROPS,Points+Rebounds+Assists,PRA,Points + Rebounds + Ass,Zachary Seljaas,17.5,18+,6.1,
STOIXIMAN,2026-03-12_paris_basketball_asvel_lyon-villeurbanne,Paris Basketball vs ASVEL Lyon-Villeurbanne,2026-03-12T20:00:00Z,ALT_PROPS,Points+Rebounds+Assists,PRA,Points + Rebounds + Ass,Zachary Seljaas,19.5,20+,9.25,
STOIXIMAN,2026-03-12_paris_basketball_asvel_lyon-villeurbanne,Paris Basketball vs ASVEL Lyon-Villeurbanne,2026-03-12T20:00:00Z,ALT_PROPS,Points+Rebounds+Assists,PRA,Points + Rebounds + Ass,Zachary Seljaas,21.5,22+,12.5,
STOIXIMAN,2026-03-12_paris_basketball_asvel_lyon-villeurbanne,Paris Basketball vs ASVEL Lyon-Villeurbanne,2026-03-12T20:00:00Z,ALT_PROPS,Points+Rebounds+Assists,PRA,Points + Rebounds + Ass,Zachary Seljaas,23.5,24+,16.0,
STOIXIMAN,2026-03-12_paris_basketball_asvel_lyon-villeurbanne,Paris Basketball vs ASVEL Lyon-Villeurbanne,2026-03-12T20:00:00Z,ALT_PROPS,Points+Rebounds+Assists,PRA,Points + Rebounds + Ass,Zachary Seljaas,25.5,26+,18.0,
STOIXIMAN,2026-03-12_paris_basketball_asvel_lyon-villeurbanne,Paris Basketball vs ASVEL Lyon-Villeurbanne,2026-03-12T20:00:00Z,MAIN_PROPS,Points+Rebounds+Assists O/U,PRA,Points + Rebounds + Ass,Nadir Hifi,25.5,,1.85,1.88
STOIXIMAN,2026-03-12_paris_basketball_asvel_lyon-villeurbanne,Paris Basketball vs ASVEL Lyon-Villeurbanne,2026-03-12T20:00:00Z,MAIN_PROPS,Points+Rebounds+Assists O/U,PRA,Points + Rebounds + Ass,Braian Angola,23.5,,1.93,1.82
STOIXIMAN,2026-03-12_paris_basketball_asvel_lyon-villeurbanne,Paris Basketball vs ASVEL Lyon-Villeurbanne,2026-03-12T20:00:00Z,MAIN_PROPS,Points+Rebounds+Assists O/U,PRA,Points + Rebounds + Ass,Glynn Watson,19.5,,1.83,1.91
STOIXIMAN,2026-03-12_paris_basketball_asvel_lyon-villeurbanne,Paris Basketball vs ASVEL Lyon-Villeurbanne,2026-03-12T20:00:00Z,MAIN_PROPS,Points+Rebounds+Assists O/U,PRA,Points + Rebounds + Ass,Jared Rhoden,17.5,,1.93,1.82
STOIXIMAN,2026-03-12_paris_basketball_asvel_lyon-villeurbanne,Paris Basketball vs ASVEL Lyon-Villeurbanne,2026-03-12T20:00:00Z,MAIN_PROPS,Points+Rebounds+Assists O/U,PRA,Points + Rebounds + Ass,Zachary Seljaas,11.5,,1.93,1.82
STOIXIMAN,2026-03-12_paris_basketball_asvel_lyon-villeurbanne,Paris Basketball vs ASVEL Lyon-Villeurbanne,2026-03-12T20:00:00Z,ALT_PROPS,Rebounds+Assists,RA,Rebounds + Assists,Braian Angola,5.5,6+,1.3,
STOIXIMAN,2026-03-12_paris_basketball_asvel_lyon-villeurbanne,Paris Basketball vs ASVEL Lyon-Villeurbanne,2026-03-12T20:00:00Z,ALT_PROPS,Rebounds+Assists,RA,Rebounds + Assists,Braian Angola,6.5,7+,1.6,
STOIXIMAN,2026-03-12_paris_basketball_asvel_lyon-villeurbanne,Paris Basketball vs ASVEL Lyon-Villeurbanne,2026-03-12T20:00:00Z,ALT_PROPS,Rebounds+Assists,RA,Rebounds + Assists,Braian Angola,7.5,8+,2.12,
STOIXIMAN,2026-03-12_paris_basketball_asvel_lyon-villeurbanne,Paris Basketball vs ASVEL Lyon-Villeurbanne,2026-03-12T20:00:00Z,ALT_PROPS,Rebounds+Assists,RA,Rebounds + Assists,Braian Angola,8.5,9+,3.0,
STOIXIMAN,2026-03-12_paris_basketball_asvel_lyon-villeurbanne,Paris Basketball vs ASVEL Lyon-Villeurbanne,2026-03-12T20:00:00Z,ALT_PROPS,Rebounds+Assists,RA,Rebounds + Assists,Braian Angola,9.5,10+,4.4,
STOIXIMAN,2026-03-12_paris_basketball_asvel_lyon-villeurbanne,Paris Basketball vs ASVEL Lyon-Villeurbanne,2026-03-12T20:00:00Z,ALT_PROPS,Rebounds+Assists,RA,Rebounds + Assists,Braian Angola,10.5,11+,6.6,
STOIXIMAN,2026-03-12_paris_basketball_asvel_lyon-villeurbanne,Paris Basketball vs ASVEL Lyon-Villeurbanne,2026-03-12T20:00:00Z,ALT_PROPS,Rebounds+Assists,RA,Rebounds + Assists,Braian Angola,11.5,12+,9.5,
STOIXIMAN,2026-03-12_paris_basketball_asvel_lyon-villeurbanne,Paris Basketball vs ASVEL Lyon-Villeurbanne,2026-03-12T20:00:00Z,ALT_PROPS,Rebounds+Assists,RA,Rebounds + Assists,Braian Angola,12.5,13+,13.0,
STOIXIMAN,2026-03-12_paris_basketball_asvel_lyon-villeurbanne,Paris Basketball vs ASVEL Lyon-Villeurbanne,2026-03-12T20:00:00Z,ALT_PROPS,Rebounds+Assists,RA,Rebounds + Assists,Nadir Hifi,4.5,5+,1.31,
STOIXIMAN,2026-03-12_paris_basketball_asvel_lyon-villeurbanne,Paris Basketball vs ASVEL Lyon-Villeurbanne,2026-03-12T20:00:00Z,ALT_PROPS,Rebounds+Assists,RA,Rebounds + Assists,Nadir Hifi,5.5,6+,1.67,
STOIXIMAN,2026-03-12_paris_basketball_asvel_lyon-villeurbanne,Paris Basketball vs ASVEL Lyon-Villeurbanne,2026-03-12T20:00:00Z,ALT_PROPS,Rebounds+Assists,RA,Rebounds + Assists,Nadir Hifi,6.5,7+,2.3,
STOIXIMAN,2026-03-12_paris_basketball_asvel_lyon-villeurbanne,Paris Basketball vs ASVEL Lyon-Villeurbanne,2026-03-12T20:00:00Z,ALT_PROPS,Rebounds+Assists,RA,Rebounds + Assists,Nadir Hifi,7.5,8+,3.4,
STOIXIMAN,2026-03-12_paris_basketball_asvel_lyon-villeurbanne,Paris Basketball vs ASVEL Lyon-Villeurbanne,2026-03-12T20:00:00Z,ALT_PROPS,Rebounds+Assists,RA,Rebounds + Assists,Nadir Hifi,8.5,9+,5.2,
STOIXIMAN,2026-03-12_paris_basketball_asvel_lyon-villeurbanne,Paris Basketball vs ASVEL Lyon-Villeurbanne,2026-03-12T20:00:00Z,ALT_PROPS,Rebounds+Assists,RA,Rebounds + Assists,Nadir Hifi,9.5,10+,8.0,
STOIXIMAN,2026-03-12_paris_basketball_asvel_lyon-villeurbanne,Paris Basketball vs ASVEL Lyon-Villeurbanne,2026-03-12T20:00:00Z,ALT_PROPS,Rebounds+Assists,RA,Rebounds + Assists,Glynn Watson,4.5,5+,1.34,
STOIXIMAN,2026-03-12_paris_basketball_asvel_lyon-villeurbanne,Paris Basketball vs ASVEL Lyon-Villeurbanne,2026-03-12T20:00:00Z,ALT_PROPS,Rebounds+Assists,RA,Rebounds + Assists,Glynn Watson,5.5,6+,1.7,
STOIXIMAN,2026-03-12_paris_basketball_asvel_lyon-villeurbanne,Paris Basketball vs ASVEL Lyon-Villeurbanne,2026-03-12T20:00:00Z,ALT_PROPS,Rebounds+Assists,RA,Rebounds + Assists,Glynn Watson,6.5,7+,2.4,
STOIXIMAN,2026-03-12_paris_basketball_asvel_lyon-villeurbanne,Paris Basketball vs ASVEL Lyon-Villeurbanne,2026-03-12T20:00:00Z,ALT_PROPS,Rebounds+Assists,RA,Rebounds + Assists,Glynn Watson,7.5,8+,3.55,
STOIXIMAN,2026-03-12_paris_basketball_asvel_lyon-villeurbanne,Paris Basketball vs ASVEL Lyon-Villeurbanne,2026-03-12T20:00:00Z,ALT_PROPS,Rebounds+Assists,RA,Rebounds + Assists,Glynn Watson,8.5,9+,5.5,
STOIXIMAN,2026-03-12_paris_basketball_asvel_lyon-villeurbanne,Paris Basketball vs ASVEL Lyon-Villeurbanne,2026-03-12T20:00:00Z,ALT_PROPS,Rebounds+Assists,RA,Rebounds + Assists,Glynn Watson,9.5,10+,8.25,
STOIXIMAN,2026-03-12_paris_basketball_asvel_lyon-villeurbanne,Paris Basketball vs ASVEL Lyon-Villeurbanne,2026-03-12T20:00:00Z,ALT_PROPS,Rebounds+Assists,RA,Rebounds + Assists,Jared Rhoden,3.5,4+,1.44,
STOIXIMAN,2026-03-12_paris_basketball_asvel_lyon-villeurbanne,Paris Basketball vs ASVEL Lyon-Villeurbanne,2026-03-12T20:00:00Z,ALT_PROPS,Rebounds+Assists,RA,Rebounds + Assists,Jared Rhoden,4.5,5+,1.98,
STOIXIMAN,2026-03-12_paris_basketball_asvel_lyon-villeurbanne,Paris Basketball vs ASVEL Lyon-Villeurbanne,2026-03-12T20:00:00Z,ALT_PROPS,Rebounds+Assists,RA,Rebounds + Assists,Jared Rhoden,5.5,6+,2.95,
STOIXIMAN,2026-03-12_paris_basketball_asvel_lyon-villeurbanne,Paris Basketball vs ASVEL Lyon-Villeurbanne,2026-03-12T20:00:00Z,ALT_PROPS,Rebounds+Assists,RA,Rebounds + Assists,Jared Rhoden,6.5,7+,4.85,
STOIXIMAN,2026-03-12_paris_basketball_asvel_lyon-villeurbanne,Paris Basketball vs ASVEL Lyon-Villeurbanne,2026-03-12T20:00:00Z,ALT_PROPS,Rebounds+Assists,RA,Rebounds + Assists,Jared Rhoden,7.5,8+,7.8,
STOIXIMAN,2026-03-12_paris_basketball_asvel_lyon-villeurbanne,Paris Basketball vs ASVEL Lyon-Villeurbanne,2026-03-12T20:00:00Z,ALT_PROPS,Rebounds+Assists,RA,Rebounds + Assists,Jared Rhoden,8.5,9+,11.75,
STOIXIMAN,2026-03-12_paris_basketball_asvel_lyon-villeurbanne,Paris Basketball vs ASVEL Lyon-Villeurbanne,2026-03-12T20:00:00Z,ALT_PROPS,Rebounds+Assists,RA,Rebounds + Assists,Zachary Seljaas,2.5,3+,1.2,
STOIXIMAN,2026-03-12_paris_basketball_asvel_lyon-villeurbanne,Paris Basketball vs ASVEL Lyon-Villeurbanne,2026-03-12T20:00:00Z,ALT_PROPS,Rebounds+Assists,RA,Rebounds + Assists,Zachary Seljaas,3.5,4+,1.53,
STOIXIMAN,2026-03-12_paris_basketball_asvel_lyon-villeurbanne,Paris Basketball vs ASVEL Lyon-Villeurbanne,2026-03-12T20:00:00Z,ALT_PROPS,Rebounds+Assists,RA,Rebounds + Assists,Zachary Seljaas,4.5,5+,2.18,
STOIXIMAN,2026-03-12_paris_basketball_asvel_lyon-villeurbanne,Paris Basketball vs ASVEL Lyon-Villeurbanne,2026-03-12T20:00:00Z,ALT_PROPS,Rebounds+Assists,RA,Rebounds + Assists,Zachary Seljaas,5.5,6+,3.45,
STOIXIMAN,2026-03-12_paris_basketball_asvel_lyon-villeurbanne,Paris Basketball vs ASVEL Lyon-Villeurbanne,2026-03-12T20:00:00Z,ALT_PROPS,Rebounds+Assists,RA,Rebounds + Assists,Zachary Seljaas,6.5,7+,5.7,
STOIXIMAN,2026-03-12_paris_basketball_asvel_lyon-villeurbanne,Paris Basketball vs ASVEL Lyon-Villeurbanne,2026-03-12T20:00:00Z,ALT_PROPS,Rebounds+Assists,RA,Rebounds + Assists,Zachary Seljaas,7.5,8+,9.25,
STOIXIMAN,2026-03-12_paris_basketball_asvel_lyon-villeurbanne,Paris Basketball vs ASVEL Lyon-Villeurbanne,2026-03-12T20:00:00Z,MAIN_PROPS,Rebounds+Assists O/U,RA,Rebounds + Assists,Braian Angola,7.5,,2.12,1.65
STOIXIMAN,2026-03-12_paris_basketball_asvel_lyon-villeurbanne,Paris Basketball vs ASVEL Lyon-Villeurbanne,2026-03-12T20:00:00Z,MAIN_PROPS,Rebounds+Assists O/U,RA,Rebounds + Assists,Nadir Hifi,5.5,,1.7,2.05
STOIXIMAN,2026-03-12_paris_basketball_asvel_lyon-villeurbanne,Paris Basketball vs ASVEL Lyon-Villeurbanne,2026-03-12T20:00:00Z,MAIN_PROPS,Rebounds+Assists O/U,RA,Rebounds + Assists,Glynn Watson,5.5,,1.72,2.0
STOIXIMAN,2026-03-12_paris_basketball_asvel_lyon-villeurbanne,Paris Basketball vs ASVEL Lyon-Villeurbanne,2026-03-12T20:00:00Z,MAIN_PROPS,Rebounds+Assists O/U,RA,Rebounds + Assists,Jared Rhoden,4.5,,1.98,1.75
STOIXIMAN,2026-03-12_paris_basketball_asvel_lyon-villeurbanne,Paris Basketball vs ASVEL Lyon-Villeurbanne,2026-03-12T20:00:00Z,MAIN_PROPS,Rebounds+Assists O/U,RA,Rebounds + Assists,Zachary Seljaas,4.5,,2.18,1.6
STOIXIMAN,2026-03-12_paris_basketball_asvel_lyon-villeurbanne,Paris Basketball vs ASVEL Lyon-Villeurbanne,2026-03-12T20:00:00Z,MAIN_PROPS,Points+Rebounds O/U,PR,Points + Rebounds,Nadir Hifi,21.5,,1.85,1.85
STOIXIMAN,2026-03-12_paris_basketball_asvel_lyon-villeurbanne,Paris Basketball vs ASVEL Lyon-Villeurbanne,2026-03-12T20:00:00Z,MAIN_PROPS,Points+Rebounds O/U,PR,Points + Rebounds,Braian Angola,20.5,,1.93,1.78
STOIXIMAN,2026-03-12_paris_basketball_asvel_lyon-villeurbanne,Paris Basketball vs ASVEL Lyon-Villeurbanne,2026-03-12T20:00:00Z,MAIN_PROPS,Points+Rebounds O/U,PR,Points + Rebounds,Glynn Watson,16.5,,1.93,1.78
STOIXIMAN,2026-03-12_paris_basketball_asvel_lyon-villeurbanne,Paris Basketball vs ASVEL Lyon-Villeurbanne,2026-03-12T20:00:00Z,MAIN_PROPS,Points+Rebounds O/U,PR,Points + Rebounds,Jared Rhoden,15.5,,1.78,1.93
STOIXIMAN,2026-03-12_paris_basketball_asvel_lyon-villeurbanne,Paris Basketball vs ASVEL Lyon-Villeurbanne,2026-03-12T20:00:00Z,MAIN_PROPS,Points+Rebounds O/U,PR,Points + Rebounds,Lamar Stevens,13.5,,1.93,1.78
STOIXIMAN,2026-03-12_paris_basketball_asvel_lyon-villeurbanne,Paris Basketball vs ASVEL Lyon-Villeurbanne,2026-03-12T20:00:00Z,MAIN_PROPS,Points+Rebounds O/U,PR,Points + Rebounds,Armel Traore,11.5,,2.0,1.72
STOIXIMAN,2026-03-12_paris_basketball_asvel_lyon-villeurbanne,Paris Basketball vs ASVEL Lyon-Villeurbanne,2026-03-12T20:00:00Z,MAIN_PROPS,Points+Rebounds O/U,PR,Points + Rebounds,Zachary Seljaas,10.5,,1.95,1.75
STOIXIMAN,2026-03-12_paris_basketball_asvel_lyon-villeurbanne,Paris Basketball vs ASVEL Lyon-Villeurbanne,2026-03-12T20:00:00Z,MAIN_PROPS,Points+Rebounds O/U,PR,Points + Rebounds,Mouhamed Faye,8.5,,1.72,2.02
STOIXIMAN,2026-03-12_paris_basketball_asvel_lyon-villeurbanne,Paris Basketball vs ASVEL Lyon-Villeurbanne,2026-03-12T20:00:00Z,MAIN_PROPS,Points+Rebounds O/U,PR,Points + Rebounds,Derek Willis,8.5,,1.95,1.75
STOIXIMAN,2026-03-12_paris_basketball_asvel_lyon-villeurbanne,Paris Basketball vs ASVEL Lyon-Villeurbanne,2026-03-12T20:00:00Z,MAIN_PROPS,Points+Rebounds O/U,PR,Points + Rebounds,Melvin Ajinca,6.5,,2.02,1.7
STOIXIMAN,2026-03-12_paris_basketball_asvel_lyon-villeurbanne,Paris Basketball vs ASVEL Lyon-Villeurbanne,2026-03-12T20:00:00Z,MAIN_PROPS,Points+Assists O/U,PA,Points + Assists,Nadir Hifi,23.5,,1.85,1.85
STOIXIMAN,2026-03-12_paris_basketball_asvel_lyon-villeurbanne,Paris Basketball vs ASVEL Lyon-Villeurbanne,2026-03-12T20:00:00Z,MAIN_PROPS,Points+Assists O/U,PA,Points + Assists,Braian Angola,19.5,,1.91,1.8
STOIXIMAN,2026-03-12_paris_basketball_asvel_lyon-villeurbanne,Paris Basketball vs ASVEL Lyon-Villeurbanne,2026-03-12T20:00:00Z,MAIN_PROPS,Points+Assists O/U,PA,Points + Assists,Justin Robinson,18.5,,1.87,1.83
STOIXIMAN,2026-03-12_paris_basketball_asvel_lyon-villeurbanne,Paris Basketball vs ASVEL Lyon-Villeurbanne,2026-03-12T20:00:00Z,MAIN_PROPS,Points+Assists O/U,PA,Points + Assists,Glynn Watson,17.5,,1.9,1.82
STOIXIMAN,2026-03-12_paris_basketball_asvel_lyon-villeurbanne,Paris Basketball vs ASVEL Lyon-Villeurbanne,2026-03-12T20:00:00Z,MAIN_PROPS,Points+Assists O/U,PA,Points + Assists,Thomas Heurtel,14.5,,1.82,1.88
STOIXIMAN,2026-03-12_paris_basketball_asvel_lyon-villeurbanne,Paris Basketball vs ASVEL Lyon-Villeurbanne,2026-03-12T20:00:00Z,MAIN_PROPS,Points+Assists O/U,PA,Points + Assists,Jared Rhoden,14.5,,1.93,1.78
STOIXIMAN,2026-03-12_paris_basketball_asvel_lyon-villeurbanne,Paris Basketball vs ASVEL Lyon-Villeurbanne,2026-03-12T20:00:00Z,MAIN_PROPS,Points+Assists O/U,PA,Points + Assists,Zachary Seljaas,8.5,,1.95,1.75
STOIXIMAN,2026-03-12_paris_basketball_asvel_lyon-villeurbanne,Paris Basketball vs ASVEL Lyon-Villeurbanne,2026-03-12T20:00:00Z,MAIN_PROPS,Points+Assists O/U,PA,Points + Assists,Sebastian Herrera,7.5,,1.83,1.87
STOIXIMAN,2026-03-12_paris_basketball_asvel_lyon-villeurbanne,Paris Basketball vs ASVEL Lyon-Villeurbanne,2026-03-12T20:00:00Z,MAIN_PROPS,Points+Blocks O/U,PB,Points + Blocks,Armel Traore,7.5,,1.85,1.82
STOIXIMAN,2026-03-12_paris_basketball_asvel_lyon-villeurbanne,Paris Basketball vs ASVEL Lyon-Villeurbanne,2026-03-12T20:00:00Z,MAIN_PROPS,Points+Blocks O/U,PB,Points + Blocks,Mouhamed Faye,5.5,,1.82,1.85
STOIXIMAN,2026-03-12_paris_basketball_asvel_lyon-villeurbanne,Paris Basketball vs ASVEL Lyon-Villeurbanne,2026-03-12T20:00:00Z,MAIN_PROPS,Points+Blocks O/U,PB,Points + Blocks,Shaquille Harrison,5.5,,1.82,1.85
STOIXIMAN,2026-03-12_paris_basketball_asvel_lyon-villeurbanne,Paris Basketball vs ASVEL Lyon-Villeurbanne,2026-03-12T20:00:00Z,MAIN_PROPS,Points+Blocks O/U,PB,Points + Blocks,Derek Willis,5.5,,2.0,1.7
STOIXIMAN,2026-03-12_paris_basketball_asvel_lyon-villeurbanne,Paris Basketball vs ASVEL Lyon-Villeurbanne,2026-03-12T20:00:00Z,MAIN_PROPS,"Points, Rebounds + Blocks O/U",PRB,Points + Rebounds + Blocks,Armel Traore,11.5,,1.78,1.9
STOIXIMAN,2026-03-12_paris_basketball_asvel_lyon-villeurbanne,Paris Basketball vs ASVEL Lyon-Villeurbanne,2026-03-12T20:00:00Z,MAIN_PROPS,"Points, Rebounds + Blocks O/U",PRB,Points + Rebounds + Blocks,Mouhamed Faye,10.5,,1.98,1.7
STOIXIMAN,2026-03-12_paris_basketball_asvel_lyon-villeurbanne,Paris Basketball vs ASVEL Lyon-Villeurbanne,2026-03-12T20:00:00Z,MAIN_PROPS,"Points, Rebounds + Blocks O/U",PRB,Points + Rebounds + Blocks,Derek Willis,8.5,,1.83,1.83
STOIXIMAN,2026-03-12_paris_basketball_asvel_lyon-villeurbanne,Paris Basketball vs ASVEL Lyon-Villeurbanne,2026-03-12T20:00:00Z,MAIN_PROPS,Fouls Received O/U,FD,Fouls Earned,Braian Angola,7.5,,2.4,1.5
STOIXIMAN,2026-03-12_paris_basketball_asvel_lyon-villeurbanne,Paris Basketball vs ASVEL Lyon-Villeurbanne,2026-03-12T20:00:00Z,MAIN_PROPS,Fouls Received O/U,FD,Fouls Earned,Nadir Hifi,6.5,,2.0,1.72
STOIXIMAN,2026-03-12_paris_basketball_asvel_lyon-villeurbanne,Paris Basketball vs ASVEL Lyon-Villeurbanne,2026-03-12T20:00:00Z,MAIN_PROPS,Fouls Received O/U,FD,Fouls Earned,Justin Robinson,4.5,,2.1,1.65
STOIXIMAN,2026-03-12_paris_basketball_asvel_lyon-villeurbanne,Paris Basketball vs ASVEL Lyon-Villeurbanne,2026-03-12T20:00:00Z,MAIN_PROPS,Fouls Received O/U,FD,Fouls Earned,Glynn Watson,2.5,,2.05,1.7
STOIXIMAN,2026-03-12_paris_basketball_asvel_lyon-villeurbanne,Paris Basketball vs ASVEL Lyon-Villeurbanne,2026-03-12T20:00:00Z,MAIN_PROPS,Fouls Committed,F,Fouls Committed,Glynn Watson,2.5,,1.88,1.83
STOIXIMAN,2026-03-12_paris_basketball_asvel_lyon-villeurbanne,Paris Basketball vs ASVEL Lyon-Villeurbanne,2026-03-12T20:00:00Z,MAIN_PROPS,Fouls Committed,F,Fouls Committed,Jared Rhoden,2.5,,2.05,1.7
STOIXIMAN,2026-03-12_paris_basketball_asvel_lyon-villeurbanne,Paris Basketball vs ASVEL Lyon-Villeurbanne,2026-03-12T20:00:00Z,MAIN_PROPS,Fouls Committed,F,Fouls Committed,Lamar Stevens,2.5,,2.15,1.63
STOIXIMAN,2026-03-12_paris_basketball_asvel_lyon-villeurbanne,Paris Basketball vs ASVEL Lyon-Villeurbanne,2026-03-12T20:00:00Z,MAIN_PROPS,Fouls Committed,F,Fouls Committed,Braian Angola,2.5,,2.25,1.57
STOIXIMAN,2026-03-12_paris_basketball_asvel_lyon-villeurbanne,Paris Basketball vs ASVEL Lyon-Villeurbanne,2026-03-12T20:00:00Z,MAIN_PROPS,3 Point Shots Attempted O/U,3P_A,3P Attempted,Nadir Hifi,6.5,,2.55,1.45
STOIXIMAN,2026-03-12_paris_basketball_asvel_lyon-villeurbanne,Paris Basketball vs ASVEL Lyon-Villeurbanne,2026-03-12T20:00:00Z,MAIN_PROPS,3 Point Shots Attempted O/U,3P_A,3P Attempted,Braian Angola,5.5,,2.3,1.55
STOIXIMAN,2026-03-12_paris_basketball_asvel_lyon-villeurbanne,Paris Basketball vs ASVEL Lyon-Villeurbanne,2026-03-12T20:00:00Z,MAIN_PROPS,3 Point Shots Attempted O/U,3P_A,3P Attempted,Jared Rhoden,4.5,,1.95,1.75
STOIXIMAN,2026-03-12_paris_basketball_asvel_lyon-villeurbanne,Paris Basketball vs ASVEL Lyon-Villeurbanne,2026-03-12T20:00:00Z,MAIN_PROPS,3 Point Shots Attempted O/U,3P_A,3P Attempted,Glynn Watson,4.5,,2.1,1.65
STOIXIMAN,2026-03-12_paris_basketball_asvel_lyon-villeurbanne,Paris Basketball vs ASVEL Lyon-Villeurbanne,2026-03-12T20:00:00Z,MAIN_PROPS,Two Point Shots Attempted O/U,2P_A,2P Attempted,Nadir Hifi,7.5,,1.6,2.2
STOIXIMAN,2026-03-12_paris_basketball_asvel_lyon-villeurbanne,Paris Basketball vs ASVEL Lyon-Villeurbanne,2026-03-12T20:00:00Z,MAIN_PROPS,Two Point Shots Attempted O/U,2P_A,2P Attempted,Glynn Watson,5.5,,2.3,1.55
STOIXIMAN,2026-03-12_paris_basketball_asvel_lyon-villeurbanne,Paris Basketball vs ASVEL Lyon-Villeurbanne,2026-03-12T20:00:00Z,MAIN_PROPS,Two Point Shots Attempted O/U,2P_A,2P Attempted,Braian Angola,4.5,,1.75,1.95
STOIXIMAN,2026-03-12_paris_basketball_asvel_lyon-villeurbanne,Paris Basketball vs ASVEL Lyon-Villeurbanne,2026-03-12T20:00:00Z,MAIN_PROPS,Two Point Shots Attempted O/U,2P_A,2P Attempted,Jared Rhoden,4.5,,1.86,1.86
STOIXIMAN,2026-03-12_paris_basketball_asvel_lyon-villeurbanne,Paris Basketball vs ASVEL Lyon-Villeurbanne,2026-03-12T20:00:00Z,MAIN_PROPS,Field Goals Attempted O/U,SH_AT,FG Attempted,Nadir Hifi,13.5,,1.55,2.3
STOIXIMAN,2026-03-12_paris_basketball_asvel_lyon-villeurbanne,Paris Basketball vs ASVEL Lyon-Villeurbanne,2026-03-12T20:00:00Z,MAIN_PROPS,Field Goals Attempted O/U,SH_AT,FG Attempted,Braian Angola,9.5,,1.55,2.3
STOIXIMAN,2026-03-12_paris_basketball_asvel_lyon-villeurbanne,Paris Basketball vs ASVEL Lyon-Villeurbanne,2026-03-12T20:00:00Z,MAIN_PROPS,Field Goals Attempted O/U,SH_AT,FG Attempted,Glynn Watson,9.5,,1.9,1.8
STOIXIMAN,2026-03-12_paris_basketball_asvel_lyon-villeurbanne,Paris Basketball vs ASVEL Lyon-Villeurbanne,2026-03-12T20:00:00Z,MAIN_PROPS,Field Goals Attempted O/U,SH_AT,FG Attempted,Jared Rhoden,9.5,,2.25,1.57
STOIXIMAN,2026-03-12_paris_basketball_asvel_lyon-villeurbanne,Paris Basketball vs ASVEL Lyon-Villeurbanne,2026-03-12T20:00:00Z,MAIN_PROPS,Free Throws Attempted O/U,FT_A,Free Throws Attempted,Braian Angola,7.5,,1.6,2.2
STOIXIMAN,2026-03-12_paris_basketball_asvel_lyon-villeurbanne,Paris Basketball vs ASVEL Lyon-Villeurbanne,2026-03-12T20:00:00Z,MAIN_PROPS,Free Throws Attempted O/U,FT_A,Free Throws Attempted,Nadir Hifi,6.5,,2.2,1.6
STOIXIMAN,2026-03-12_paris_basketball_asvel_lyon-villeurbanne,Paris Basketball vs ASVEL Lyon-Villeurbanne,2026-03-12T20:00:00Z,MAIN_PROPS,Free Throws Attempted O/U,FT_A,Free Throws Attempted,Justin Robinson,5.5,,2.4,1.5
STOIXIMAN,2026-03-12_paris_basketball_asvel_lyon-villeurbanne,Paris Basketball vs ASVEL Lyon-Villeurbanne,2026-03-12T20:00:00Z,MAIN_PROPS,Free Throws Attempted O/U,FT_A,Free Throws Attempted,Bastien Vautier,3.5,,2.05,1.7
STOIXIMAN,2026-03-12_paris_basketball_asvel_lyon-villeurbanne,Paris Basketball vs ASVEL Lyon-Villeurbanne,2026-03-12T20:00:00Z,MAIN_PROPS,Free Throws Attempted O/U,FT_A,Free Throws Attempted,Glynn Watson,2.5,,1.8,1.9
