bookmaker,pre_game_key,match_label,start_time,bet_type,book_category,sheet_key,ui_name,player_name,line,source_display,over_odds,under_odds,is_mapped
OPAP,2026-02-26_panathinaikos_paris,Panathinaikos vs Paris,2026-02-26T19:45:00Z,MAIN_PROPS,Points + Rebounds,PR,Points + Rebounds,Richaun Holmes,16.5,,1.82,1.82,True
OPAP,2026-02-26_panathinaikos_paris,Panathinaikos vs Paris,2026-02-26T19:45:00Z,MAIN_PROPS,Points + Rebounds,PR,Points + Rebounds,Jared Rhoden,14.5,,1.77,1.91,True
OPAP,2026-02-26_panathinaikos_paris,Panathinaikos vs Paris,2026-02-26T19:45:00Z,MAIN_PROPS,Points + Rebounds,PR,Points + Rebounds,Nigel Hayes,17.5,,1.77,1.91,True
OPAP,2026-02-26_panathinaikos_paris,Panathinaikos vs Paris,2026-02-26T19:45:00Z,MAIN_PROPS,Points + Assists,PA,Points + Assists,Justin Robinson,16.5,,1.82,1.82,True
OPAP,2026-02-26_panathinaikos_paris,Panathinaikos vs Paris,2026-02-26T19:45:00Z,MAIN_PROPS,Points + Assists,PA,Points + Assists,Kostas Sloukas,14.5,,1.8,1.87,True
OPAP,2026-02-26_panathinaikos_paris,Panathinaikos vs Paris,2026-02-26T19:45:00Z,MAIN_PROPS,Points + Assists,PA,Points + Assists,TJ Shorts,13.5,,1.91,1.77,True
OPAP,2026-02-26_panathinaikos_paris,Panathinaikos vs Paris,2026-02-26T19:45:00Z,MAIN_PROPS,3P Made,3P_M,3P Made,Nadir Hifi,2.5,,2.05,1.65,True
OPAP,2026-02-26_panathinaikos_paris,Panathinaikos vs Paris,2026-02-26T19:45:00Z,MAIN_PROPS,3P Made,3P_M,3P Made,Kostas Sloukas,1.5,,2.25,1.56,True
OPAP,2026-02-26_panathinaikos_paris,Panathinaikos vs Paris,2026-02-26T19:45:00Z,MAIN_PROPS,3P Made,3P_M,3P Made,Justin Robinson,1.5,,1.61,2.15,True
OPAP,2026-02-26_panathinaikos_paris,Panathinaikos vs Paris,2026-02-26T19:45:00Z,MAIN_PROPS,3P Made,3P_M,3P Made,Jared Rhoden,1.5,,1.69,2.0,True
OPAP,2026-02-26_panathinaikos_paris,Panathinaikos vs Paris,2026-02-26T19:45:00Z,MAIN_PROPS,3P Made,3P_M,3P Made,Cedi Osman,1.5,,1.71,1.95,True
OPAP,2026-02-26_panathinaikos_paris,Panathinaikos vs Paris,2026-02-26T19:45:00Z,MAIN_PROPS,3P Made,3P_M,3P Made,Nigel Hayes,1.5,,2.05,1.67,True
OPAP,2026-02-26_panathinaikos_paris,Panathinaikos vs Paris,2026-02-26T19:45:00Z,MAIN_PROPS,Points,POINTS,Points,Nadir Hifi,18.5,,1.87,1.83,True
OPAP,2026-02-26_panathinaikos_paris,Panathinaikos vs Paris,2026-02-26T19:45:00Z,MAIN_PROPS,Points,POINTS,Points,Richaun Holmes,10.5,,1.91,1.77,True
OPAP,2026-02-26_panathinaikos_paris,Panathinaikos vs Paris,2026-02-26T19:45:00Z,MAIN_PROPS,Points,POINTS,Points,TJ Shorts,9.5,,1.83,1.83,True
OPAP,2026-02-26_panathinaikos_paris,Panathinaikos vs Paris,2026-02-26T19:45:00Z,MAIN_PROPS,Points,POINTS,Points,Jared Rhoden,12.5,,1.91,1.73,True
OPAP,2026-02-26_panathinaikos_paris,Panathinaikos vs Paris,2026-02-26T19:45:00Z,MAIN_PROPS,Assists,AS,Assists,Nadir Hifi,3.5,,1.75,1.97,True
OPAP,2026-02-26_panathinaikos_paris,Panathinaikos vs Paris,2026-02-26T19:45:00Z,MAIN_PROPS,Assists,AS,Assists,Jerian Grant,3.5,,1.65,2.1,True
OPAP,2026-02-26_panathinaikos_paris,Panathinaikos vs Paris,2026-02-26T19:45:00Z,MAIN_PROPS,Assists,AS,Assists,TJ Shorts,3.5,,1.55,2.3,True
OPAP,2026-02-26_panathinaikos_paris,Panathinaikos vs Paris,2026-02-26T19:45:00Z,MAIN_PROPS,Rebounds,TR,Rebounds,Jared Rhoden,2.5,,1.8,1.91,True
OPAP,2026-02-26_panathinaikos_paris,Panathinaikos vs Paris,2026-02-26T19:45:00Z,MAIN_PROPS,Rebounds,TR,Rebounds,Lamar Stevens,3.5,,1.68,2.05,True
OPAP,2026-02-26_panathinaikos_paris,Panathinaikos vs Paris,2026-02-26T19:45:00Z,MAIN_PROPS,Rebounds,TR,Rebounds,Nigel Hayes,4.5,,2.05,1.67,True
OPAP,2026-02-26_panathinaikos_paris,Panathinaikos vs Paris,2026-02-26T19:45:00Z,ALT_PROPS,Points,POINTS,Points,Amath M'Baye,4.5,5+,1.51,,True
OPAP,2026-02-26_panathinaikos_paris,Panathinaikos vs Paris,2026-02-26T19:45:00Z,ALT_PROPS,Points,POINTS,Points,Amath M'Baye,9.5,10+,5.0,,True
OPAP,2026-02-26_panathinaikos_paris,Panathinaikos vs Paris,2026-02-26T19:45:00Z,ALT_PROPS,Points,POINTS,Points,Amath M'Baye,7.5,8+,2.9,,True
OPAP,2026-02-26_panathinaikos_paris,Panathinaikos vs Paris,2026-02-26T19:45:00Z,ALT_PROPS,Points,POINTS,Points,Lamar Stevens,4.5,5+,1.2,,True
OPAP,2026-02-26_panathinaikos_paris,Panathinaikos vs Paris,2026-02-26T19:45:00Z,ALT_PROPS,Points,POINTS,Points,Lamar Stevens,7.5,8+,1.77,,True
OPAP,2026-02-26_panathinaikos_paris,Panathinaikos vs Paris,2026-02-26T19:45:00Z,ALT_PROPS,Points,POINTS,Points,Lamar Stevens,9.5,10+,2.6,,True
OPAP,2026-02-26_panathinaikos_paris,Panathinaikos vs Paris,2026-02-26T19:45:00Z,ALT_PROPS,Points,POINTS,Points,Nadir Hifi,24.5,25+,4.15,,True
OPAP,2026-02-26_panathinaikos_paris,Panathinaikos vs Paris,2026-02-26T19:45:00Z,ALT_PROPS,Points,POINTS,Points,Nadir Hifi,17.5,18+,1.61,,True
OPAP,2026-02-26_panathinaikos_paris,Panathinaikos vs Paris,2026-02-26T19:45:00Z,ALT_PROPS,Points,POINTS,Points,Nadir Hifi,19.5,20+,2.05,,True
OPAP,2026-02-26_panathinaikos_paris,Panathinaikos vs Paris,2026-02-26T19:45:00Z,ALT_PROPS,Points,POINTS,Points,Nadir Hifi,14.5,15+,1.28,,True
OPAP,2026-02-26_panathinaikos_paris,Panathinaikos vs Paris,2026-02-26T19:45:00Z,ALT_PROPS,Points,POINTS,Points,Nadir Hifi,11.5,12+,1.09,,True
OPAP,2026-02-26_panathinaikos_paris,Panathinaikos vs Paris,2026-02-26T19:45:00Z,ALT_PROPS,Points,POINTS,Points,Jerian Grant,7.5,8+,1.82,,True
OPAP,2026-02-26_panathinaikos_paris,Panathinaikos vs Paris,2026-02-26T19:45:00Z,ALT_PROPS,Points,POINTS,Points,Jerian Grant,9.5,10+,2.7,,True
OPAP,2026-02-26_panathinaikos_paris,Panathinaikos vs Paris,2026-02-26T19:45:00Z,ALT_PROPS,Points,POINTS,Points,Jerian Grant,4.5,5+,1.22,,True
OPAP,2026-02-26_panathinaikos_paris,Panathinaikos vs Paris,2026-02-26T19:45:00Z,ALT_PROPS,Points,POINTS,Points,Justin Robinson,14.5,15+,2.6,,True
OPAP,2026-02-26_panathinaikos_paris,Panathinaikos vs Paris,2026-02-26T19:45:00Z,ALT_PROPS,Points,POINTS,Points,Justin Robinson,17.5,18+,4.5,,True
OPAP,2026-02-26_panathinaikos_paris,Panathinaikos vs Paris,2026-02-26T19:45:00Z,ALT_PROPS,Points,POINTS,Points,Justin Robinson,9.5,10+,1.34,,True
OPAP,2026-02-26_panathinaikos_paris,Panathinaikos vs Paris,2026-02-26T19:45:00Z,ALT_PROPS,Points,POINTS,Points,Justin Robinson,11.5,12+,1.67,,True
OPAP,2026-02-26_panathinaikos_paris,Panathinaikos vs Paris,2026-02-26T19:45:00Z,ALT_PROPS,Points,POINTS,Points,Justin Robinson,7.5,8+,1.15,,True
OPAP,2026-02-26_panathinaikos_paris,Panathinaikos vs Paris,2026-02-26T19:45:00Z,ALT_PROPS,Points,POINTS,Points,Jared Rhoden,17.5,18+,4.5,,True
OPAP,2026-02-26_panathinaikos_paris,Panathinaikos vs Paris,2026-02-26T19:45:00Z,ALT_PROPS,Points,POINTS,Points,Jared Rhoden,9.5,10+,1.35,,True
OPAP,2026-02-26_panathinaikos_paris,Panathinaikos vs Paris,2026-02-26T19:45:00Z,ALT_PROPS,Points,POINTS,Points,Jared Rhoden,11.5,12+,1.68,,True
OPAP,2026-02-26_panathinaikos_paris,Panathinaikos vs Paris,2026-02-26T19:45:00Z,ALT_PROPS,Points,POINTS,Points,Jared Rhoden,14.5,15+,2.65,,True
OPAP,2026-02-26_panathinaikos_paris,Panathinaikos vs Paris,2026-02-26T19:45:00Z,ALT_PROPS,Points,POINTS,Points,Jared Rhoden,7.5,8+,1.15,,True
OPAP,2026-02-26_panathinaikos_paris,Panathinaikos vs Paris,2026-02-26T19:45:00Z,ALT_PROPS,Points,POINTS,Points,Richaun Holmes,11.5,12+,2.25,,True
OPAP,2026-02-26_panathinaikos_paris,Panathinaikos vs Paris,2026-02-26T19:45:00Z,ALT_PROPS,Points,POINTS,Points,Richaun Holmes,14.5,15+,4.15,,True
OPAP,2026-02-26_panathinaikos_paris,Panathinaikos vs Paris,2026-02-26T19:45:00Z,ALT_PROPS,Points,POINTS,Points,Richaun Holmes,7.5,8+,1.31,,True
OPAP,2026-02-26_panathinaikos_paris,Panathinaikos vs Paris,2026-02-26T19:45:00Z,ALT_PROPS,Points,POINTS,Points,Richaun Holmes,9.5,10+,1.65,,True
OPAP,2026-02-26_panathinaikos_paris,Panathinaikos vs Paris,2026-02-26T19:45:00Z,ALT_PROPS,Points,POINTS,Points,Richaun Holmes,4.5,5+,1.06,,True
OPAP,2026-02-26_panathinaikos_paris,Panathinaikos vs Paris,2026-02-26T19:45:00Z,ALT_PROPS,Points,POINTS,Points,Kostas Sloukas,9.5,10+,1.82,,True
OPAP,2026-02-26_panathinaikos_paris,Panathinaikos vs Paris,2026-02-26T19:45:00Z,ALT_PROPS,Points,POINTS,Points,Kostas Sloukas,7.5,8+,1.4,,True
OPAP,2026-02-26_panathinaikos_paris,Panathinaikos vs Paris,2026-02-26T19:45:00Z,ALT_PROPS,Points,POINTS,Points,Kostas Sloukas,11.5,12+,2.6,,True
OPAP,2026-02-26_panathinaikos_paris,Panathinaikos vs Paris,2026-02-26T19:45:00Z,ALT_PROPS,Points,POINTS,Points,Kostas Sloukas,4.5,5+,1.09,,True
OPAP,2026-02-26_panathinaikos_paris,Panathinaikos vs Paris,2026-02-26T19:45:00Z,ALT_PROPS,Points,POINTS,Points,Cedi Osman,9.5,10+,1.55,,True
OPAP,2026-02-26_panathinaikos_paris,Panathinaikos vs Paris,2026-02-26T19:45:00Z,ALT_PROPS,Points,POINTS,Points,Cedi Osman,7.5,8+,1.27,,True
OPAP,2026-02-26_panathinaikos_paris,Panathinaikos vs Paris,2026-02-26T19:45:00Z,ALT_PROPS,Points,POINTS,Points,Cedi Osman,14.5,15+,3.5,,True
OPAP,2026-02-26_panathinaikos_paris,Panathinaikos vs Paris,2026-02-26T19:45:00Z,ALT_PROPS,Points,POINTS,Points,Cedi Osman,11.5,12+,2.05,,True
OPAP,2026-02-26_panathinaikos_paris,Panathinaikos vs Paris,2026-02-26T19:45:00Z,ALT_PROPS,Points,POINTS,Points,Cedi Osman,4.5,5+,1.06,,True
OPAP,2026-02-26_panathinaikos_paris,Panathinaikos vs Paris,2026-02-26T19:45:00Z,ALT_PROPS,3P Made,3P_M,3P Made,Nadir Hifi,2.5,3+,2.05,,True
OPAP,2026-02-26_panathinaikos_paris,Panathinaikos vs Paris,2026-02-26T19:45:00Z,ALT_PROPS,3P Made,3P_M,3P Made,Nadir Hifi,1.5,2+,1.35,,True
OPAP,2026-02-26_panathinaikos_paris,Panathinaikos vs Paris,2026-02-26T19:45:00Z,ALT_PROPS,3P Made,3P_M,3P Made,Nadir Hifi,3.5,4+,3.6,,True
OPAP,2026-02-26_panathinaikos_paris,Panathinaikos vs Paris,2026-02-26T19:45:00Z,ALT_PROPS,3P Made,3P_M,3P Made,Jared Rhoden,1.5,2+,1.68,,True
OPAP,2026-02-26_panathinaikos_paris,Panathinaikos vs Paris,2026-02-26T19:45:00Z,ALT_PROPS,3P Made,3P_M,3P Made,Jared Rhoden,2.5,3+,3.0,,True
OPAP,2026-02-26_panathinaikos_paris,Panathinaikos vs Paris,2026-02-26T19:45:00Z,ALT_PROPS,3P Made,3P_M,3P Made,Jared Rhoden,0.5,1+,1.14,,True
OPAP,2026-02-26_panathinaikos_paris,Panathinaikos vs Paris,2026-02-26T19:45:00Z,ALT_PROPS,3P Made,3P_M,3P Made,Justin Robinson,1.5,2+,1.61,,True
OPAP,2026-02-26_panathinaikos_paris,Panathinaikos vs Paris,2026-02-26T19:45:00Z,ALT_PROPS,3P Made,3P_M,3P Made,Justin Robinson,2.5,3+,2.8,,True
OPAP,2026-02-26_panathinaikos_paris,Panathinaikos vs Paris,2026-02-26T19:45:00Z,ALT_PROPS,3P Made,3P_M,3P Made,Justin Robinson,0.5,1+,1.12,,True
OPAP,2026-02-26_panathinaikos_paris,Panathinaikos vs Paris,2026-02-26T19:45:00Z,ALT_PROPS,3P Made,3P_M,3P Made,Cedi Osman,1.5,2+,1.71,,True
OPAP,2026-02-26_panathinaikos_paris,Panathinaikos vs Paris,2026-02-26T19:45:00Z,ALT_PROPS,3P Made,3P_M,3P Made,Cedi Osman,2.5,3+,3.2,,True
OPAP,2026-02-26_panathinaikos_paris,Panathinaikos vs Paris,2026-02-26T19:45:00Z,ALT_PROPS,3P Made,3P_M,3P Made,Cedi Osman,0.5,1+,1.15,,True
OPAP,2026-02-26_panathinaikos_paris,Panathinaikos vs Paris,2026-02-26T19:45:00Z,ALT_PROPS,Rebounds,TR,Rebounds,Nadir Hifi,2.5,3+,1.95,,True
OPAP,2026-02-26_panathinaikos_paris,Panathinaikos vs Paris,2026-02-26T19:45:00Z,ALT_PROPS,Rebounds,TR,Rebounds,Nadir Hifi,4.5,5+,6.0,,True
OPAP,2026-02-26_panathinaikos_paris,Panathinaikos vs Paris,2026-02-26T19:45:00Z,ALT_PROPS,Rebounds,TR,Rebounds,Jared Rhoden,2.5,3+,1.82,,True
OPAP,2026-02-26_panathinaikos_paris,Panathinaikos vs Paris,2026-02-26T19:45:00Z,ALT_PROPS,Rebounds,TR,Rebounds,Jared Rhoden,4.5,5+,5.35,,True
OPAP,2026-02-26_panathinaikos_paris,Panathinaikos vs Paris,2026-02-26T19:45:00Z,ALT_PROPS,Rebounds,TR,Rebounds,Richaun Holmes,6.5,7+,2.1,,True
OPAP,2026-02-26_panathinaikos_paris,Panathinaikos vs Paris,2026-02-26T19:45:00Z,ALT_PROPS,Rebounds,TR,Rebounds,Richaun Holmes,9.5,10+,6.25,,True
OPAP,2026-02-26_panathinaikos_paris,Panathinaikos vs Paris,2026-02-26T19:45:00Z,ALT_PROPS,Rebounds,TR,Rebounds,Richaun Holmes,4.5,5+,1.3,,True
OPAP,2026-02-26_panathinaikos_paris,Panathinaikos vs Paris,2026-02-26T19:45:00Z,ALT_PROPS,Rebounds,TR,Rebounds,Lamar Stevens,2.5,3+,1.25,,True
OPAP,2026-02-26_panathinaikos_paris,Panathinaikos vs Paris,2026-02-26T19:45:00Z,ALT_PROPS,Rebounds,TR,Rebounds,Lamar Stevens,4.5,5+,2.35,,True
OPAP,2026-02-26_panathinaikos_paris,Panathinaikos vs Paris,2026-02-26T19:45:00Z,ALT_PROPS,Points + Rebounds,PR,Points + Rebounds,Nadir Hifi,19.5,20+,1.53,,True
OPAP,2026-02-26_panathinaikos_paris,Panathinaikos vs Paris,2026-02-26T19:45:00Z,ALT_PROPS,Points + Rebounds,PR,Points + Rebounds,Nadir Hifi,24.5,25+,2.7,,True
OPAP,2026-02-26_panathinaikos_paris,Panathinaikos vs Paris,2026-02-26T19:45:00Z,ALT_PROPS,Points + Rebounds,PR,Points + Rebounds,Nadir Hifi,29.5,30+,5.5,,True
OPAP,2026-02-26_panathinaikos_paris,Panathinaikos vs Paris,2026-02-26T19:45:00Z,ALT_PROPS,Points + Rebounds,PR,Points + Rebounds,Nadir Hifi,14.5,15+,1.12,,True
OPAP,2026-02-26_panathinaikos_paris,Panathinaikos vs Paris,2026-02-26T19:45:00Z,ALT_PROPS,Points + Rebounds,PR,Points + Rebounds,Lamar Stevens,11.5,12+,1.71,,True
OPAP,2026-02-26_panathinaikos_paris,Panathinaikos vs Paris,2026-02-26T19:45:00Z,ALT_PROPS,Points + Rebounds,PR,Points + Rebounds,Lamar Stevens,15.5,16+,3.5,,True
OPAP,2026-02-26_panathinaikos_paris,Panathinaikos vs Paris,2026-02-26T19:45:00Z,ALT_PROPS,Points + Rebounds,PR,Points + Rebounds,Lamar Stevens,9.5,10+,1.33,,True
OPAP,2026-02-26_panathinaikos_paris,Panathinaikos vs Paris,2026-02-26T19:45:00Z,ALT_PROPS,Points + Rebounds,PR,Points + Rebounds,Lamar Stevens,7.5,8+,1.12,,True
OPAP,2026-02-26_panathinaikos_paris,Panathinaikos vs Paris,2026-02-26T19:45:00Z,ALT_PROPS,Points + Rebounds,PR,Points + Rebounds,Lamar Stevens,13.5,14+,2.4,,True
OPAP,2026-02-26_panathinaikos_paris,Panathinaikos vs Paris,2026-02-26T19:45:00Z,ALT_PROPS,Points + Rebounds,PR,Points + Rebounds,Jared Rhoden,11.5,12+,1.29,,True
OPAP,2026-02-26_panathinaikos_paris,Panathinaikos vs Paris,2026-02-26T19:45:00Z,ALT_PROPS,Points + Rebounds,PR,Points + Rebounds,Jared Rhoden,15.5,16+,1.95,,True
OPAP,2026-02-26_panathinaikos_paris,Panathinaikos vs Paris,2026-02-26T19:45:00Z,ALT_PROPS,Points + Rebounds,PR,Points + Rebounds,Jared Rhoden,13.5,14+,1.54,,True
OPAP,2026-02-26_panathinaikos_paris,Panathinaikos vs Paris,2026-02-26T19:45:00Z,ALT_PROPS,Points + Rebounds,PR,Points + Rebounds,Jared Rhoden,17.5,18+,2.6,,True
OPAP,2026-02-26_panathinaikos_paris,Panathinaikos vs Paris,2026-02-26T19:45:00Z,ALT_PROPS,Points + Rebounds,PR,Points + Rebounds,Jared Rhoden,9.5,10+,1.12,,True
OPAP,2026-02-26_panathinaikos_paris,Panathinaikos vs Paris,2026-02-26T19:45:00Z,ALT_PROPS,Points + Rebounds,PR,Points + Rebounds,Richaun Holmes,13.5,14+,1.31,,True
OPAP,2026-02-26_panathinaikos_paris,Panathinaikos vs Paris,2026-02-26T19:45:00Z,ALT_PROPS,Points + Rebounds,PR,Points + Rebounds,Richaun Holmes,17.5,18+,2.05,,True
OPAP,2026-02-26_panathinaikos_paris,Panathinaikos vs Paris,2026-02-26T19:45:00Z,ALT_PROPS,Points + Rebounds,PR,Points + Rebounds,Richaun Holmes,19.5,20+,2.8,,True
OPAP,2026-02-26_panathinaikos_paris,Panathinaikos vs Paris,2026-02-26T19:45:00Z,ALT_PROPS,Points + Rebounds,PR,Points + Rebounds,Richaun Holmes,15.5,16+,1.56,,True
OPAP,2026-02-26_panathinaikos_paris,Panathinaikos vs Paris,2026-02-26T19:45:00Z,ALT_PROPS,Points + Rebounds,PR,Points + Rebounds,Richaun Holmes,11.5,12+,1.14,,True
OPAP,2026-02-26_panathinaikos_paris,Panathinaikos vs Paris,2026-02-26T19:45:00Z,ALT_PROPS,3P Made,3P_M,3P Made,Kostas Sloukas,0.5,1+,1.28,,True
OPAP,2026-02-26_panathinaikos_paris,Panathinaikos vs Paris,2026-02-26T19:45:00Z,ALT_PROPS,3P Made,3P_M,3P Made,Kostas Sloukas,1.5,2+,2.25,,True
OPAP,2026-02-26_panathinaikos_paris,Panathinaikos vs Paris,2026-02-26T19:45:00Z,ALT_PROPS,3P Made,3P_M,3P Made,Kostas Sloukas,2.5,3+,4.75,,True
OPAP,2026-02-26_panathinaikos_paris,Panathinaikos vs Paris,2026-02-26T19:45:00Z,ALT_PROPS,Assists,AS,Assists,Jerian Grant,4.5,5+,2.6,,True
OPAP,2026-02-26_panathinaikos_paris,Panathinaikos vs Paris,2026-02-26T19:45:00Z,ALT_PROPS,Assists,AS,Assists,Jerian Grant,2.5,3+,1.3,,True
OPAP,2026-02-26_panathinaikos_paris,Panathinaikos vs Paris,2026-02-26T19:45:00Z,ALT_PROPS,Assists,AS,Assists,Kostas Sloukas,4.5,5+,1.61,,True
OPAP,2026-02-26_panathinaikos_paris,Panathinaikos vs Paris,2026-02-26T19:45:00Z,ALT_PROPS,Assists,AS,Assists,Kostas Sloukas,2.5,3+,1.1,,True
OPAP,2026-02-26_panathinaikos_paris,Panathinaikos vs Paris,2026-02-26T19:45:00Z,ALT_PROPS,Assists,AS,Assists,Kostas Sloukas,6.5,7+,3.3,,True
OPAP,2026-02-26_panathinaikos_paris,Panathinaikos vs Paris,2026-02-26T19:45:00Z,ALT_PROPS,Assists,AS,Assists,Nadir Hifi,4.5,5+,2.45,,True
OPAP,2026-02-26_panathinaikos_paris,Panathinaikos vs Paris,2026-02-26T19:45:00Z,ALT_PROPS,Assists,AS,Assists,Nadir Hifi,2.5,3+,1.28,,True
OPAP,2026-02-26_panathinaikos_paris,Panathinaikos vs Paris,2026-02-26T19:45:00Z,ALT_PROPS,Points + Assists,PA,Points + Assists,Jerian Grant,15.5,16+,4.0,,True
OPAP,2026-02-26_panathinaikos_paris,Panathinaikos vs Paris,2026-02-26T19:45:00Z,ALT_PROPS,Points + Assists,PA,Points + Assists,Jerian Grant,7.5,8+,1.16,,True
OPAP,2026-02-26_panathinaikos_paris,Panathinaikos vs Paris,2026-02-26T19:45:00Z,ALT_PROPS,Points + Assists,PA,Points + Assists,Jerian Grant,11.5,12+,1.83,,True
OPAP,2026-02-26_panathinaikos_paris,Panathinaikos vs Paris,2026-02-26T19:45:00Z,ALT_PROPS,Points + Assists,PA,Points + Assists,Jerian Grant,9.5,10+,1.4,,True
OPAP,2026-02-26_panathinaikos_paris,Panathinaikos vs Paris,2026-02-26T19:45:00Z,ALT_PROPS,Points + Assists,PA,Points + Assists,Jerian Grant,13.5,14+,2.6,,True
OPAP,2026-02-26_panathinaikos_paris,Panathinaikos vs Paris,2026-02-26T19:45:00Z,ALT_PROPS,Points + Assists,PA,Points + Assists,Nadir Hifi,19.5,20+,1.38,,True
OPAP,2026-02-26_panathinaikos_paris,Panathinaikos vs Paris,2026-02-26T19:45:00Z,ALT_PROPS,Points + Assists,PA,Points + Assists,Nadir Hifi,24.5,25+,2.2,,True
OPAP,2026-02-26_panathinaikos_paris,Panathinaikos vs Paris,2026-02-26T19:45:00Z,ALT_PROPS,Points + Assists,PA,Points + Assists,Nadir Hifi,14.5,15+,1.06,,True
OPAP,2026-02-26_panathinaikos_paris,Panathinaikos vs Paris,2026-02-26T19:45:00Z,ALT_PROPS,Points + Assists,PA,Points + Assists,Nadir Hifi,29.5,30+,4.25,,True
OPAP,2026-02-26_panathinaikos_paris,Panathinaikos vs Paris,2026-02-26T19:45:00Z,ALT_PROPS,Rebounds + Assists,RA,Rebounds + Assists,Nadir Hifi,7.5,8+,2.65,,True
OPAP,2026-02-26_panathinaikos_paris,Panathinaikos vs Paris,2026-02-26T19:45:00Z,ALT_PROPS,Rebounds + Assists,RA,Rebounds + Assists,Nadir Hifi,9.5,10+,5.5,,True
OPAP,2026-02-26_panathinaikos_paris,Panathinaikos vs Paris,2026-02-26T19:45:00Z,ALT_PROPS,Rebounds + Assists,RA,Rebounds + Assists,Nadir Hifi,5.5,6+,1.51,,True
OPAP,2026-02-26_panathinaikos_paris,Panathinaikos vs Paris,2026-02-26T19:45:00Z,ALT_PROPS,Points + Assists,PA,Points + Assists,Kostas Sloukas,17.5,18+,2.8,,True
OPAP,2026-02-26_panathinaikos_paris,Panathinaikos vs Paris,2026-02-26T19:45:00Z,ALT_PROPS,Points + Assists,PA,Points + Assists,Kostas Sloukas,13.5,14+,1.56,,True
OPAP,2026-02-26_panathinaikos_paris,Panathinaikos vs Paris,2026-02-26T19:45:00Z,ALT_PROPS,Points + Assists,PA,Points + Assists,Kostas Sloukas,15.5,16+,2.0,,True
OPAP,2026-02-26_panathinaikos_paris,Panathinaikos vs Paris,2026-02-26T19:45:00Z,ALT_PROPS,Points + Assists,PA,Points + Assists,Kostas Sloukas,11.5,12+,1.29,,True
OPAP,2026-02-26_panathinaikos_paris,Panathinaikos vs Paris,2026-02-26T19:45:00Z,ALT_PROPS,Points + Assists,PA,Points + Assists,Kostas Sloukas,9.5,10+,1.12,,True
OPAP,2026-02-26_panathinaikos_paris,Panathinaikos vs Paris,2026-02-26T19:45:00Z,ALT_PROPS,Points + Rebounds + Ass,PRA,Points + Rebounds + Ass,Nadir Hifi,19.5,20+,1.22,,True
OPAP,2026-02-26_panathinaikos_paris,Panathinaikos vs Paris,2026-02-26T19:45:00Z,ALT_PROPS,Points + Rebounds + Ass,PRA,Points + Rebounds + Ass,Nadir Hifi,29.5,30+,3.0,,True
OPAP,2026-02-26_panathinaikos_paris,Panathinaikos vs Paris,2026-02-26T19:45:00Z,ALT_PROPS,Points + Rebounds + Ass,PRA,Points + Rebounds + Ass,Nadir Hifi,24.5,25+,1.73,,True
OPAP,2026-02-26_panathinaikos_paris,Panathinaikos vs Paris,2026-02-26T19:45:00Z,ALT_PROPS,Points + Rebounds + Ass,PRA,Points + Rebounds + Ass,Nadir Hifi,34.5,35+,6.0,,True
OPAP,2026-02-26_panathinaikos_paris,Panathinaikos vs Paris,2026-02-26T19:45:00Z,ALT_PROPS,Points + Rebounds + Ass,PRA,Points + Rebounds + Ass,Nadir Hifi,14.5,15+,1.04,,True
OPAP,2026-02-26_panathinaikos_paris,Panathinaikos vs Paris,2026-02-26T19:45:00Z,MAIN_PROPS,Assists,AS,Assists,Kostas Sloukas,4.5,,1.6,2.2,True
OPAP,2026-02-26_panathinaikos_paris,Panathinaikos vs Paris,2026-02-26T19:45:00Z,MAIN_PROPS,Points,POINTS,Points,Cedi Osman,10.5,,1.83,1.87,True
OPAP,2026-02-26_panathinaikos_paris,Panathinaikos vs Paris,2026-02-26T19:45:00Z,MAIN_PROPS,Assists,AS,Assists,Justin Robinson,4.5,,2.1,1.65,True
OPAP,2026-02-26_panathinaikos_paris,Panathinaikos vs Paris,2026-02-26T19:45:00Z,MAIN_PROPS,Points,POINTS,Points,Justin Robinson,12.5,,1.8,1.91,True
OPAP,2026-02-26_panathinaikos_paris,Panathinaikos vs Paris,2026-02-26T19:45:00Z,MAIN_PROPS,Points,POINTS,Points,Kostas Sloukas,9.5,,1.87,1.83,True
OPAP,2026-02-26_panathinaikos_paris,Panathinaikos vs Paris,2026-02-26T19:45:00Z,ALT_PROPS,Assists,AS,Assists,Justin Robinson,4.5,5+,2.05,,True
OPAP,2026-02-26_panathinaikos_paris,Panathinaikos vs Paris,2026-02-26T19:45:00Z,ALT_PROPS,Assists,AS,Assists,Justin Robinson,2.5,3+,1.2,,True
OPAP,2026-02-26_panathinaikos_paris,Panathinaikos vs Paris,2026-02-26T19:45:00Z,ALT_PROPS,Assists,AS,Assists,Justin Robinson,6.5,7+,4.75,,True
OPAP,2026-02-26_panathinaikos_paris,Panathinaikos vs Paris,2026-02-26T19:45:00Z,ALT_PROPS,Points + Assists,PA,Points + Assists,Justin Robinson,19.5,20+,2.6,,True
OPAP,2026-02-26_panathinaikos_paris,Panathinaikos vs Paris,2026-02-26T19:45:00Z,ALT_PROPS,Points + Assists,PA,Points + Assists,Justin Robinson,11.5,12+,1.14,,True
OPAP,2026-02-26_panathinaikos_paris,Panathinaikos vs Paris,2026-02-26T19:45:00Z,ALT_PROPS,Points + Assists,PA,Points + Assists,Justin Robinson,17.5,18+,2.0,,True
OPAP,2026-02-26_panathinaikos_paris,Panathinaikos vs Paris,2026-02-26T19:45:00Z,ALT_PROPS,Points + Assists,PA,Points + Assists,Justin Robinson,15.5,16+,1.61,,True
OPAP,2026-02-26_panathinaikos_paris,Panathinaikos vs Paris,2026-02-26T19:45:00Z,ALT_PROPS,Points + Assists,PA,Points + Assists,Justin Robinson,13.5,14+,1.33,,True
OPAP,2026-02-26_panathinaikos_paris,Panathinaikos vs Paris,2026-02-26T19:45:00Z,ALT_PROPS,Points,POINTS,Points,TJ Shorts,7.5,8+,1.45,,True
OPAP,2026-02-26_panathinaikos_paris,Panathinaikos vs Paris,2026-02-26T19:45:00Z,ALT_PROPS,Points,POINTS,Points,TJ Shorts,11.5,12+,2.85,,True
OPAP,2026-02-26_panathinaikos_paris,Panathinaikos vs Paris,2026-02-26T19:45:00Z,ALT_PROPS,Points,POINTS,Points,TJ Shorts,4.5,5+,1.1,,True
OPAP,2026-02-26_panathinaikos_paris,Panathinaikos vs Paris,2026-02-26T19:45:00Z,ALT_PROPS,Points,POINTS,Points,TJ Shorts,9.5,10+,1.95,,True
OPAP,2026-02-26_panathinaikos_paris,Panathinaikos vs Paris,2026-02-26T19:45:00Z,ALT_PROPS,Assists,AS,Assists,TJ Shorts,4.5,5+,2.3,,True
OPAP,2026-02-26_panathinaikos_paris,Panathinaikos vs Paris,2026-02-26T19:45:00Z,ALT_PROPS,Assists,AS,Assists,TJ Shorts,2.5,3+,1.24,,True
OPAP,2026-02-26_panathinaikos_paris,Panathinaikos vs Paris,2026-02-26T19:45:00Z,ALT_PROPS,Points + Assists,PA,Points + Assists,TJ Shorts,13.5,14+,1.87,,True
OPAP,2026-02-26_panathinaikos_paris,Panathinaikos vs Paris,2026-02-26T19:45:00Z,ALT_PROPS,Points + Assists,PA,Points + Assists,TJ Shorts,7.5,8+,1.06,,True
OPAP,2026-02-26_panathinaikos_paris,Panathinaikos vs Paris,2026-02-26T19:45:00Z,ALT_PROPS,Points + Assists,PA,Points + Assists,TJ Shorts,9.5,10+,1.21,,True
OPAP,2026-02-26_panathinaikos_paris,Panathinaikos vs Paris,2026-02-26T19:45:00Z,ALT_PROPS,Points + Assists,PA,Points + Assists,TJ Shorts,11.5,12+,1.44,,True
OPAP,2026-02-26_panathinaikos_paris,Panathinaikos vs Paris,2026-02-26T19:45:00Z,ALT_PROPS,Points + Assists,PA,Points + Assists,TJ Shorts,15.5,16+,2.6,,True
OPAP,2026-02-26_panathinaikos_paris,Panathinaikos vs Paris,2026-02-26T19:45:00Z,ALT_PROPS,Points,POINTS,Points,Nigel Hayes,17.5,18+,3.5,,True
OPAP,2026-02-26_panathinaikos_paris,Panathinaikos vs Paris,2026-02-26T19:45:00Z,ALT_PROPS,Points,POINTS,Points,Nigel Hayes,7.5,8+,1.09,,True
OPAP,2026-02-26_panathinaikos_paris,Panathinaikos vs Paris,2026-02-26T19:45:00Z,ALT_PROPS,Points,POINTS,Points,Nigel Hayes,14.5,15+,2.15,,True
OPAP,2026-02-26_panathinaikos_paris,Panathinaikos vs Paris,2026-02-26T19:45:00Z,ALT_PROPS,Points,POINTS,Points,Nigel Hayes,9.5,10+,1.22,,True
OPAP,2026-02-26_panathinaikos_paris,Panathinaikos vs Paris,2026-02-26T19:45:00Z,ALT_PROPS,Points,POINTS,Points,Nigel Hayes,11.5,12+,1.45,,True
OPAP,2026-02-26_panathinaikos_paris,Panathinaikos vs Paris,2026-02-26T19:45:00Z,ALT_PROPS,3P Made,3P_M,3P Made,Nigel Hayes,2.5,3+,4.15,,True
OPAP,2026-02-26_panathinaikos_paris,Panathinaikos vs Paris,2026-02-26T19:45:00Z,ALT_PROPS,3P Made,3P_M,3P Made,Nigel Hayes,1.5,2+,2.05,,True
OPAP,2026-02-26_panathinaikos_paris,Panathinaikos vs Paris,2026-02-26T19:45:00Z,ALT_PROPS,3P Made,3P_M,3P Made,Nigel Hayes,0.5,1+,1.24,,True
OPAP,2026-02-26_panathinaikos_paris,Panathinaikos vs Paris,2026-02-26T19:45:00Z,ALT_PROPS,Rebounds,TR,Rebounds,Nigel Hayes,2.5,3+,1.2,,True
OPAP,2026-02-26_panathinaikos_paris,Panathinaikos vs Paris,2026-02-26T19:45:00Z,ALT_PROPS,Rebounds,TR,Rebounds,Nigel Hayes,4.5,5+,2.05,,True
OPAP,2026-02-26_panathinaikos_paris,Panathinaikos vs Paris,2026-02-26T19:45:00Z,ALT_PROPS,Rebounds,TR,Rebounds,Nigel Hayes,6.5,7+,5.0,,True
OPAP,2026-02-26_panathinaikos_paris,Panathinaikos vs Paris,2026-02-26T19:45:00Z,ALT_PROPS,Points + Rebounds,PR,Points + Rebounds,Nigel Hayes,15.5,16+,1.43,,True
OPAP,2026-02-26_panathinaikos_paris,Panathinaikos vs Paris,2026-02-26T19:45:00Z,ALT_PROPS,Points + Rebounds,PR,Points + Rebounds,Nigel Hayes,13.5,14+,1.21,,True
OPAP,2026-02-26_panathinaikos_paris,Panathinaikos vs Paris,2026-02-26T19:45:00Z,ALT_PROPS,Points + Rebounds,PR,Points + Rebounds,Nigel Hayes,11.5,12+,1.08,,True
OPAP,2026-02-26_panathinaikos_paris,Panathinaikos vs Paris,2026-02-26T19:45:00Z,ALT_PROPS,Points + Rebounds,PR,Points + Rebounds,Nigel Hayes,17.5,18+,1.73,,True
OPAP,2026-02-26_panathinaikos_paris,Panathinaikos vs Paris,2026-02-26T19:45:00Z,ALT_PROPS,Points + Rebounds,PR,Points + Rebounds,Nigel Hayes,19.5,20+,2.25,,True
OPAP,2026-02-26_panathinaikos_paris,Panathinaikos vs Paris,2026-02-26T19:45:00Z,MAIN_PROPS,Points,POINTS,Points,Nigel Hayes,13.5,,1.71,2.0,True
