bookmaker,pre_game_key,match_label,start_time,bb_ready,bet_type,book_category,sheet_key,ui_name,player_name,line,source_display,over_odds,under_odds,is_mapped
OPAP,2026-03-13_crvena_zvezda_fenerbahce,Crvena Zvezda vs Fenerbahce,2026-03-13T19:00:00Z,YES,MAIN_PROPS,Rebounds + Assists,RA,Rebounds + Assists,Codi Miller-McIntyre,11.5,,2.0,1.71,True
OPAP,2026-03-13_crvena_zvezda_fenerbahce,Crvena Zvezda vs Fenerbahce,2026-03-13T19:00:00Z,YES,MAIN_PROPS,Points + Rebounds,PR,Points + Rebounds,Jordan Nwora,22.5,,2.3,1.54,True
OPAP,2026-03-13_crvena_zvezda_fenerbahce,Crvena Zvezda vs Fenerbahce,2026-03-13T19:00:00Z,YES,MAIN_PROPS,Points + Rebounds,PR,Points + Rebounds,Codi Miller-McIntyre,16.5,,2.2,1.55,True
OPAP,2026-03-13_crvena_zvezda_fenerbahce,Crvena Zvezda vs Fenerbahce,2026-03-13T19:00:00Z,YES,MAIN_PROPS,Points + Rebounds,PR,Points + Rebounds,Chima Moneke,20.5,,2.3,1.54,True
OPAP,2026-03-13_crvena_zvezda_fenerbahce,Crvena Zvezda vs Fenerbahce,2026-03-13T19:00:00Z,YES,MAIN_PROPS,Points + Assists,PA,Points + Assists,Codi Miller-McIntyre,19.5,,2.05,1.67,True
OPAP,2026-03-13_crvena_zvezda_fenerbahce,Crvena Zvezda vs Fenerbahce,2026-03-13T19:00:00Z,YES,MAIN_PROPS,Points + Assists,PA,Points + Assists,Jared Butler,19.5,,2.2,1.55,True
OPAP,2026-03-13_crvena_zvezda_fenerbahce,Crvena Zvezda vs Fenerbahce,2026-03-13T19:00:00Z,YES,MAIN_PROPS,Points + Assists,PA,Points + Assists,Wade Baldwin,21.5,,2.25,1.54,True
OPAP,2026-03-13_crvena_zvezda_fenerbahce,Crvena Zvezda vs Fenerbahce,2026-03-13T19:00:00Z,YES,MAIN_PROPS,3P Made,3P_M,3P Made,Wade Baldwin,1.5,,2.5,1.43,True
OPAP,2026-03-13_crvena_zvezda_fenerbahce,Crvena Zvezda vs Fenerbahce,2026-03-13T19:00:00Z,YES,MAIN_PROPS,3P Made,3P_M,3P Made,Talen Horton-Tucker,1.5,,2.25,1.57,True
OPAP,2026-03-13_crvena_zvezda_fenerbahce,Crvena Zvezda vs Fenerbahce,2026-03-13T19:00:00Z,YES,MAIN_PROPS,3P Made,3P_M,3P Made,Jordan Nwora,2.5,,2.8,1.36,True
OPAP,2026-03-13_crvena_zvezda_fenerbahce,Crvena Zvezda vs Fenerbahce,2026-03-13T19:00:00Z,YES,MAIN_PROPS,3P Made,3P_M,3P Made,Codi Miller-McIntyre,1.5,,1.92,1.78,True
OPAP,2026-03-13_crvena_zvezda_fenerbahce,Crvena Zvezda vs Fenerbahce,2026-03-13T19:00:00Z,YES,MAIN_PROPS,3P Made,3P_M,3P Made,Tarik Biberovic,2.5,,1.98,1.72,True
OPAP,2026-03-13_crvena_zvezda_fenerbahce,Crvena Zvezda vs Fenerbahce,2026-03-13T19:00:00Z,YES,MAIN_PROPS,3P Made,3P_M,3P Made,Jared Butler,2.5,,2.2,1.58,True
OPAP,2026-03-13_crvena_zvezda_fenerbahce,Crvena Zvezda vs Fenerbahce,2026-03-13T19:00:00Z,YES,MAIN_PROPS,3P Made,3P_M,3P Made,Bonzie Colson,1.5,,2.2,1.58,True
OPAP,2026-03-13_crvena_zvezda_fenerbahce,Crvena Zvezda vs Fenerbahce,2026-03-13T19:00:00Z,YES,MAIN_PROPS,Points,POINTS,Points,Chima Moneke,14.5,,2.45,1.44,True
OPAP,2026-03-13_crvena_zvezda_fenerbahce,Crvena Zvezda vs Fenerbahce,2026-03-13T19:00:00Z,YES,MAIN_PROPS,Points,POINTS,Points,Codi Miller-McIntyre,12.5,,2.25,1.56,True
OPAP,2026-03-13_crvena_zvezda_fenerbahce,Crvena Zvezda vs Fenerbahce,2026-03-13T19:00:00Z,YES,MAIN_PROPS,Points,POINTS,Points,Tarik Biberovic,14.5,,2.4,1.44,True
OPAP,2026-03-13_crvena_zvezda_fenerbahce,Crvena Zvezda vs Fenerbahce,2026-03-13T19:00:00Z,YES,MAIN_PROPS,Points,POINTS,Points,Talen Horton-Tucker,19.5,,2.45,1.44,True
OPAP,2026-03-13_crvena_zvezda_fenerbahce,Crvena Zvezda vs Fenerbahce,2026-03-13T19:00:00Z,YES,MAIN_PROPS,Points,POINTS,Points,Jared Butler,15.5,,2.4,1.44,True
OPAP,2026-03-13_crvena_zvezda_fenerbahce,Crvena Zvezda vs Fenerbahce,2026-03-13T19:00:00Z,YES,MAIN_PROPS,Points,POINTS,Points,Jordan Nwora,18.5,,2.3,1.53,True
OPAP,2026-03-13_crvena_zvezda_fenerbahce,Crvena Zvezda vs Fenerbahce,2026-03-13T19:00:00Z,YES,MAIN_PROPS,Points,POINTS,Points,Wade Baldwin,15.5,,2.4,1.44,True
OPAP,2026-03-13_crvena_zvezda_fenerbahce,Crvena Zvezda vs Fenerbahce,2026-03-13T19:00:00Z,YES,MAIN_PROPS,Assists,AS,Assists,Codi Miller-McIntyre,7.5,,2.0,1.68,True
OPAP,2026-03-13_crvena_zvezda_fenerbahce,Crvena Zvezda vs Fenerbahce,2026-03-13T19:00:00Z,YES,MAIN_PROPS,Assists,AS,Assists,Jared Butler,4.5,,2.05,1.67,True
OPAP,2026-03-13_crvena_zvezda_fenerbahce,Crvena Zvezda vs Fenerbahce,2026-03-13T19:00:00Z,YES,MAIN_PROPS,Rebounds,TR,Rebounds,Chima Moneke,6.5,,2.15,1.61,True
OPAP,2026-03-13_crvena_zvezda_fenerbahce,Crvena Zvezda vs Fenerbahce,2026-03-13T19:00:00Z,YES,MAIN_PROPS,Rebounds,TR,Rebounds,Mikael Jantunen,3.5,,2.2,1.55,True
OPAP,2026-03-13_crvena_zvezda_fenerbahce,Crvena Zvezda vs Fenerbahce,2026-03-13T19:00:00Z,YES,MAIN_PROPS,Rebounds,TR,Rebounds,Codi Miller-McIntyre,3.5,,1.72,2.0,True
OPAP,2026-03-13_crvena_zvezda_fenerbahce,Crvena Zvezda vs Fenerbahce,2026-03-13T19:00:00Z,YES,MAIN_PROPS,Rebounds,TR,Rebounds,Talen Horton-Tucker,3.5,,1.72,2.0,True
OPAP,2026-03-13_crvena_zvezda_fenerbahce,Crvena Zvezda vs Fenerbahce,2026-03-13T19:00:00Z,YES,MAIN_PROPS,Rebounds,TR,Rebounds,Jordan Nwora,3.5,,1.75,1.97,True
OPAP,2026-03-13_crvena_zvezda_fenerbahce,Crvena Zvezda vs Fenerbahce,2026-03-13T19:00:00Z,YES,MAIN_PROPS,Assists,AS,Assists,Wade Baldwin,5.5,,1.72,2.0,True
OPAP,2026-03-13_crvena_zvezda_fenerbahce,Crvena Zvezda vs Fenerbahce,2026-03-13T19:00:00Z,YES,ALT_PROPS,Points,POINTS,Points,Bonzie Colson,4.5,5+,1.22,,True
OPAP,2026-03-13_crvena_zvezda_fenerbahce,Crvena Zvezda vs Fenerbahce,2026-03-13T19:00:00Z,YES,ALT_PROPS,Points,POINTS,Points,Bonzie Colson,11.5,12+,2.85,,True
OPAP,2026-03-13_crvena_zvezda_fenerbahce,Crvena Zvezda vs Fenerbahce,2026-03-13T19:00:00Z,YES,ALT_PROPS,Points,POINTS,Points,Bonzie Colson,7.5,8+,1.78,,True
OPAP,2026-03-13_crvena_zvezda_fenerbahce,Crvena Zvezda vs Fenerbahce,2026-03-13T19:00:00Z,YES,ALT_PROPS,Points,POINTS,Points,Bonzie Colson,9.5,10+,2.22,,True
OPAP,2026-03-13_crvena_zvezda_fenerbahce,Crvena Zvezda vs Fenerbahce,2026-03-13T19:00:00Z,YES,ALT_PROPS,Points,POINTS,Points,Talen Horton-Tucker,17.5,18+,1.91,,True
OPAP,2026-03-13_crvena_zvezda_fenerbahce,Crvena Zvezda vs Fenerbahce,2026-03-13T19:00:00Z,YES,ALT_PROPS,Points,POINTS,Points,Talen Horton-Tucker,14.5,15+,1.34,,True
OPAP,2026-03-13_crvena_zvezda_fenerbahce,Crvena Zvezda vs Fenerbahce,2026-03-13T19:00:00Z,YES,ALT_PROPS,Points,POINTS,Points,Talen Horton-Tucker,29.5,30+,10.75,,True
OPAP,2026-03-13_crvena_zvezda_fenerbahce,Crvena Zvezda vs Fenerbahce,2026-03-13T19:00:00Z,YES,ALT_PROPS,Points,POINTS,Points,Talen Horton-Tucker,19.5,20+,2.3,,True
OPAP,2026-03-13_crvena_zvezda_fenerbahce,Crvena Zvezda vs Fenerbahce,2026-03-13T19:00:00Z,YES,ALT_PROPS,Points,POINTS,Points,Talen Horton-Tucker,24.5,25+,5.75,,True
OPAP,2026-03-13_crvena_zvezda_fenerbahce,Crvena Zvezda vs Fenerbahce,2026-03-13T19:00:00Z,YES,ALT_PROPS,Points,POINTS,Points,Jared Butler,19.5,20+,4.15,,True
OPAP,2026-03-13_crvena_zvezda_fenerbahce,Crvena Zvezda vs Fenerbahce,2026-03-13T19:00:00Z,YES,ALT_PROPS,Points,POINTS,Points,Jared Butler,14.5,15+,2.05,,True
OPAP,2026-03-13_crvena_zvezda_fenerbahce,Crvena Zvezda vs Fenerbahce,2026-03-13T19:00:00Z,YES,ALT_PROPS,Points,POINTS,Points,Jared Butler,17.5,18+,2.7,,True
OPAP,2026-03-13_crvena_zvezda_fenerbahce,Crvena Zvezda vs Fenerbahce,2026-03-13T19:00:00Z,YES,ALT_PROPS,Points,POINTS,Points,Jared Butler,9.5,10+,1.24,,True
OPAP,2026-03-13_crvena_zvezda_fenerbahce,Crvena Zvezda vs Fenerbahce,2026-03-13T19:00:00Z,YES,ALT_PROPS,Points,POINTS,Points,Jared Butler,11.5,12+,1.4,,True
OPAP,2026-03-13_crvena_zvezda_fenerbahce,Crvena Zvezda vs Fenerbahce,2026-03-13T19:00:00Z,YES,ALT_PROPS,Points,POINTS,Points,Mikael Jantunen,4.5,5+,1.28,,True
OPAP,2026-03-13_crvena_zvezda_fenerbahce,Crvena Zvezda vs Fenerbahce,2026-03-13T19:00:00Z,YES,ALT_PROPS,Points,POINTS,Points,Mikael Jantunen,11.5,12+,5.5,,True
OPAP,2026-03-13_crvena_zvezda_fenerbahce,Crvena Zvezda vs Fenerbahce,2026-03-13T19:00:00Z,YES,ALT_PROPS,Points,POINTS,Points,Mikael Jantunen,9.5,10+,3.4,,True
OPAP,2026-03-13_crvena_zvezda_fenerbahce,Crvena Zvezda vs Fenerbahce,2026-03-13T19:00:00Z,YES,ALT_PROPS,Points,POINTS,Points,Mikael Jantunen,7.5,8+,2.15,,True
OPAP,2026-03-13_crvena_zvezda_fenerbahce,Crvena Zvezda vs Fenerbahce,2026-03-13T19:00:00Z,YES,ALT_PROPS,Points,POINTS,Points,Codi Miller-McIntyre,7.5,8+,1.22,,True
OPAP,2026-03-13_crvena_zvezda_fenerbahce,Crvena Zvezda vs Fenerbahce,2026-03-13T19:00:00Z,YES,ALT_PROPS,Points,POINTS,Points,Codi Miller-McIntyre,11.5,12+,1.87,,True
OPAP,2026-03-13_crvena_zvezda_fenerbahce,Crvena Zvezda vs Fenerbahce,2026-03-13T19:00:00Z,YES,ALT_PROPS,Points,POINTS,Points,Codi Miller-McIntyre,14.5,15+,3.1,,True
OPAP,2026-03-13_crvena_zvezda_fenerbahce,Crvena Zvezda vs Fenerbahce,2026-03-13T19:00:00Z,YES,ALT_PROPS,Points,POINTS,Points,Codi Miller-McIntyre,9.5,10+,1.42,,True
OPAP,2026-03-13_crvena_zvezda_fenerbahce,Crvena Zvezda vs Fenerbahce,2026-03-13T19:00:00Z,YES,ALT_PROPS,Points,POINTS,Points,Codi Miller-McIntyre,17.5,18+,4.25,,True
OPAP,2026-03-13_crvena_zvezda_fenerbahce,Crvena Zvezda vs Fenerbahce,2026-03-13T19:00:00Z,YES,ALT_PROPS,Points,POINTS,Points,Jordan Nwora,14.5,15+,1.38,,True
OPAP,2026-03-13_crvena_zvezda_fenerbahce,Crvena Zvezda vs Fenerbahce,2026-03-13T19:00:00Z,YES,ALT_PROPS,Points,POINTS,Points,Jordan Nwora,19.5,20+,2.7,,True
OPAP,2026-03-13_crvena_zvezda_fenerbahce,Crvena Zvezda vs Fenerbahce,2026-03-13T19:00:00Z,YES,ALT_PROPS,Points,POINTS,Points,Jordan Nwora,11.5,12+,1.17,,True
OPAP,2026-03-13_crvena_zvezda_fenerbahce,Crvena Zvezda vs Fenerbahce,2026-03-13T19:00:00Z,YES,ALT_PROPS,Points,POINTS,Points,Jordan Nwora,17.5,18+,2.0,,True
OPAP,2026-03-13_crvena_zvezda_fenerbahce,Crvena Zvezda vs Fenerbahce,2026-03-13T19:00:00Z,YES,ALT_PROPS,Points,POINTS,Points,Jordan Nwora,24.5,25+,4.5,,True
OPAP,2026-03-13_crvena_zvezda_fenerbahce,Crvena Zvezda vs Fenerbahce,2026-03-13T19:00:00Z,YES,ALT_PROPS,Points,POINTS,Points,Chima Moneke,11.5,12+,1.61,,True
OPAP,2026-03-13_crvena_zvezda_fenerbahce,Crvena Zvezda vs Fenerbahce,2026-03-13T19:00:00Z,YES,ALT_PROPS,Points,POINTS,Points,Chima Moneke,19.5,20+,6.25,,True
OPAP,2026-03-13_crvena_zvezda_fenerbahce,Crvena Zvezda vs Fenerbahce,2026-03-13T19:00:00Z,YES,ALT_PROPS,Points,POINTS,Points,Chima Moneke,14.5,15+,2.18,,True
OPAP,2026-03-13_crvena_zvezda_fenerbahce,Crvena Zvezda vs Fenerbahce,2026-03-13T19:00:00Z,YES,ALT_PROPS,Points,POINTS,Points,Chima Moneke,9.5,10+,1.31,,True
OPAP,2026-03-13_crvena_zvezda_fenerbahce,Crvena Zvezda vs Fenerbahce,2026-03-13T19:00:00Z,YES,ALT_PROPS,Points,POINTS,Points,Chima Moneke,17.5,18+,4.15,,True
OPAP,2026-03-13_crvena_zvezda_fenerbahce,Crvena Zvezda vs Fenerbahce,2026-03-13T19:00:00Z,YES,ALT_PROPS,Points,POINTS,Points,Nikola Kalinic,7.5,8+,2.27,,True
OPAP,2026-03-13_crvena_zvezda_fenerbahce,Crvena Zvezda vs Fenerbahce,2026-03-13T19:00:00Z,YES,ALT_PROPS,Points,POINTS,Points,Nikola Kalinic,4.5,5+,1.45,,True
OPAP,2026-03-13_crvena_zvezda_fenerbahce,Crvena Zvezda vs Fenerbahce,2026-03-13T19:00:00Z,YES,ALT_PROPS,Points,POINTS,Points,Nikola Kalinic,9.5,10+,3.05,,True
OPAP,2026-03-13_crvena_zvezda_fenerbahce,Crvena Zvezda vs Fenerbahce,2026-03-13T19:00:00Z,YES,ALT_PROPS,Points,POINTS,Points,Wade Baldwin,11.5,12+,1.37,,True
OPAP,2026-03-13_crvena_zvezda_fenerbahce,Crvena Zvezda vs Fenerbahce,2026-03-13T19:00:00Z,YES,ALT_PROPS,Points,POINTS,Points,Wade Baldwin,14.5,15+,2.05,,True
OPAP,2026-03-13_crvena_zvezda_fenerbahce,Crvena Zvezda vs Fenerbahce,2026-03-13T19:00:00Z,YES,ALT_PROPS,Points,POINTS,Points,Wade Baldwin,19.5,20+,4.25,,True
OPAP,2026-03-13_crvena_zvezda_fenerbahce,Crvena Zvezda vs Fenerbahce,2026-03-13T19:00:00Z,YES,ALT_PROPS,Points,POINTS,Points,Wade Baldwin,9.5,10+,1.2,,True
OPAP,2026-03-13_crvena_zvezda_fenerbahce,Crvena Zvezda vs Fenerbahce,2026-03-13T19:00:00Z,YES,ALT_PROPS,Points,POINTS,Points,Wade Baldwin,17.5,18+,3.05,,True
OPAP,2026-03-13_crvena_zvezda_fenerbahce,Crvena Zvezda vs Fenerbahce,2026-03-13T19:00:00Z,YES,ALT_PROPS,Points,POINTS,Points,Tarik Biberovic,17.5,18+,4.0,,True
OPAP,2026-03-13_crvena_zvezda_fenerbahce,Crvena Zvezda vs Fenerbahce,2026-03-13T19:00:00Z,YES,ALT_PROPS,Points,POINTS,Points,Tarik Biberovic,11.5,12+,1.61,,True
OPAP,2026-03-13_crvena_zvezda_fenerbahce,Crvena Zvezda vs Fenerbahce,2026-03-13T19:00:00Z,YES,ALT_PROPS,Points,POINTS,Points,Tarik Biberovic,9.5,10+,1.32,,True
OPAP,2026-03-13_crvena_zvezda_fenerbahce,Crvena Zvezda vs Fenerbahce,2026-03-13T19:00:00Z,YES,ALT_PROPS,Points,POINTS,Points,Tarik Biberovic,14.5,15+,2.18,,True
OPAP,2026-03-13_crvena_zvezda_fenerbahce,Crvena Zvezda vs Fenerbahce,2026-03-13T19:00:00Z,YES,ALT_PROPS,Points,POINTS,Points,Tarik Biberovic,19.5,20+,5.75,,True
OPAP,2026-03-13_crvena_zvezda_fenerbahce,Crvena Zvezda vs Fenerbahce,2026-03-13T19:00:00Z,YES,ALT_PROPS,3P Made,3P_M,3P Made,Bonzie Colson,0.5,1+,1.25,,True
OPAP,2026-03-13_crvena_zvezda_fenerbahce,Crvena Zvezda vs Fenerbahce,2026-03-13T19:00:00Z,YES,ALT_PROPS,3P Made,3P_M,3P Made,Bonzie Colson,1.5,2+,2.07,,True
OPAP,2026-03-13_crvena_zvezda_fenerbahce,Crvena Zvezda vs Fenerbahce,2026-03-13T19:00:00Z,YES,ALT_PROPS,3P Made,3P_M,3P Made,Bonzie Colson,2.5,3+,3.5,,True
OPAP,2026-03-13_crvena_zvezda_fenerbahce,Crvena Zvezda vs Fenerbahce,2026-03-13T19:00:00Z,YES,ALT_PROPS,Points + Assists,PA,Points + Assists,Talen Horton-Tucker,14.5,15+,1.14,,True
OPAP,2026-03-13_crvena_zvezda_fenerbahce,Crvena Zvezda vs Fenerbahce,2026-03-13T19:00:00Z,YES,ALT_PROPS,Points + Assists,PA,Points + Assists,Talen Horton-Tucker,9.5,10+,1.01,,True
OPAP,2026-03-13_crvena_zvezda_fenerbahce,Crvena Zvezda vs Fenerbahce,2026-03-13T19:00:00Z,YES,ALT_PROPS,Points + Assists,PA,Points + Assists,Talen Horton-Tucker,24.5,25+,3.4,,True
OPAP,2026-03-13_crvena_zvezda_fenerbahce,Crvena Zvezda vs Fenerbahce,2026-03-13T19:00:00Z,YES,ALT_PROPS,Points + Assists,PA,Points + Assists,Talen Horton-Tucker,29.5,30+,7.5,,True
OPAP,2026-03-13_crvena_zvezda_fenerbahce,Crvena Zvezda vs Fenerbahce,2026-03-13T19:00:00Z,YES,ALT_PROPS,Points + Assists,PA,Points + Assists,Talen Horton-Tucker,19.5,20+,1.73,,True
OPAP,2026-03-13_crvena_zvezda_fenerbahce,Crvena Zvezda vs Fenerbahce,2026-03-13T19:00:00Z,YES,ALT_PROPS,Points + Assists,PA,Points + Assists,Codi Miller-McIntyre,19.5,20+,2.0,,True
OPAP,2026-03-13_crvena_zvezda_fenerbahce,Crvena Zvezda vs Fenerbahce,2026-03-13T19:00:00Z,YES,ALT_PROPS,Points + Assists,PA,Points + Assists,Codi Miller-McIntyre,15.5,16+,1.33,,True
OPAP,2026-03-13_crvena_zvezda_fenerbahce,Crvena Zvezda vs Fenerbahce,2026-03-13T19:00:00Z,YES,ALT_PROPS,Points + Assists,PA,Points + Assists,Codi Miller-McIntyre,23.5,24+,3.65,,True
OPAP,2026-03-13_crvena_zvezda_fenerbahce,Crvena Zvezda vs Fenerbahce,2026-03-13T19:00:00Z,YES,ALT_PROPS,Points + Assists,PA,Points + Assists,Codi Miller-McIntyre,21.5,22+,2.6,,True
OPAP,2026-03-13_crvena_zvezda_fenerbahce,Crvena Zvezda vs Fenerbahce,2026-03-13T19:00:00Z,YES,ALT_PROPS,Points + Assists,PA,Points + Assists,Codi Miller-McIntyre,17.5,18+,1.61,,True
OPAP,2026-03-13_crvena_zvezda_fenerbahce,Crvena Zvezda vs Fenerbahce,2026-03-13T19:00:00Z,YES,ALT_PROPS,Assists,AS,Assists,Tarik Biberovic,2.5,3+,3.0,,True
OPAP,2026-03-13_crvena_zvezda_fenerbahce,Crvena Zvezda vs Fenerbahce,2026-03-13T19:00:00Z,YES,ALT_PROPS,Assists,AS,Assists,Tarik Biberovic,4.5,5+,11.0,,True
OPAP,2026-03-13_crvena_zvezda_fenerbahce,Crvena Zvezda vs Fenerbahce,2026-03-13T19:00:00Z,YES,ALT_PROPS,Assists,AS,Assists,Jared Butler,6.5,7+,4.75,,True
OPAP,2026-03-13_crvena_zvezda_fenerbahce,Crvena Zvezda vs Fenerbahce,2026-03-13T19:00:00Z,YES,ALT_PROPS,Assists,AS,Assists,Jared Butler,2.5,3+,1.18,,True
OPAP,2026-03-13_crvena_zvezda_fenerbahce,Crvena Zvezda vs Fenerbahce,2026-03-13T19:00:00Z,YES,ALT_PROPS,Assists,AS,Assists,Jared Butler,4.5,5+,2.05,,True
OPAP,2026-03-13_crvena_zvezda_fenerbahce,Crvena Zvezda vs Fenerbahce,2026-03-13T19:00:00Z,YES,ALT_PROPS,Points + Rebounds + Ass,PRA,Points + Rebounds + Ass,Talen Horton-Tucker,14.5,15+,1.04,,True
OPAP,2026-03-13_crvena_zvezda_fenerbahce,Crvena Zvezda vs Fenerbahce,2026-03-13T19:00:00Z,YES,ALT_PROPS,Points + Rebounds + Ass,PRA,Points + Rebounds + Ass,Talen Horton-Tucker,34.5,35+,8.5,,True
OPAP,2026-03-13_crvena_zvezda_fenerbahce,Crvena Zvezda vs Fenerbahce,2026-03-13T19:00:00Z,YES,ALT_PROPS,Points + Rebounds + Ass,PRA,Points + Rebounds + Ass,Talen Horton-Tucker,24.5,25+,1.95,,True
OPAP,2026-03-13_crvena_zvezda_fenerbahce,Crvena Zvezda vs Fenerbahce,2026-03-13T19:00:00Z,YES,ALT_PROPS,Points + Rebounds + Ass,PRA,Points + Rebounds + Ass,Talen Horton-Tucker,29.5,30+,3.75,,True
OPAP,2026-03-13_crvena_zvezda_fenerbahce,Crvena Zvezda vs Fenerbahce,2026-03-13T19:00:00Z,YES,ALT_PROPS,Points + Rebounds + Ass,PRA,Points + Rebounds + Ass,Talen Horton-Tucker,19.5,20+,1.29,,True
OPAP,2026-03-13_crvena_zvezda_fenerbahce,Crvena Zvezda vs Fenerbahce,2026-03-13T19:00:00Z,YES,ALT_PROPS,Rebounds,TR,Rebounds,Mikael Jantunen,4.5,5+,3.0,,True
OPAP,2026-03-13_crvena_zvezda_fenerbahce,Crvena Zvezda vs Fenerbahce,2026-03-13T19:00:00Z,YES,ALT_PROPS,Rebounds,TR,Rebounds,Mikael Jantunen,2.5,3+,1.42,,True
OPAP,2026-03-13_crvena_zvezda_fenerbahce,Crvena Zvezda vs Fenerbahce,2026-03-13T19:00:00Z,YES,ALT_PROPS,Rebounds,TR,Rebounds,Codi Miller-McIntyre,4.5,5+,2.2,,True
OPAP,2026-03-13_crvena_zvezda_fenerbahce,Crvena Zvezda vs Fenerbahce,2026-03-13T19:00:00Z,YES,ALT_PROPS,Rebounds,TR,Rebounds,Codi Miller-McIntyre,6.5,7+,5.25,,True
OPAP,2026-03-13_crvena_zvezda_fenerbahce,Crvena Zvezda vs Fenerbahce,2026-03-13T19:00:00Z,YES,ALT_PROPS,Rebounds,TR,Rebounds,Codi Miller-McIntyre,2.5,3+,1.2,,True
OPAP,2026-03-13_crvena_zvezda_fenerbahce,Crvena Zvezda vs Fenerbahce,2026-03-13T19:00:00Z,YES,ALT_PROPS,Points + Rebounds + Ass,PRA,Points + Rebounds + Ass,Codi Miller-McIntyre,19.5,20+,1.4,,True
OPAP,2026-03-13_crvena_zvezda_fenerbahce,Crvena Zvezda vs Fenerbahce,2026-03-13T19:00:00Z,YES,ALT_PROPS,Points + Rebounds + Ass,PRA,Points + Rebounds + Ass,Codi Miller-McIntyre,14.5,15+,1.06,,True
OPAP,2026-03-13_crvena_zvezda_fenerbahce,Crvena Zvezda vs Fenerbahce,2026-03-13T19:00:00Z,YES,ALT_PROPS,Points + Rebounds + Ass,PRA,Points + Rebounds + Ass,Codi Miller-McIntyre,34.5,35+,10.0,,True
OPAP,2026-03-13_crvena_zvezda_fenerbahce,Crvena Zvezda vs Fenerbahce,2026-03-13T19:00:00Z,YES,ALT_PROPS,Points + Rebounds + Ass,PRA,Points + Rebounds + Ass,Codi Miller-McIntyre,29.5,30+,4.75,,True
OPAP,2026-03-13_crvena_zvezda_fenerbahce,Crvena Zvezda vs Fenerbahce,2026-03-13T19:00:00Z,YES,ALT_PROPS,Points + Rebounds + Ass,PRA,Points + Rebounds + Ass,Codi Miller-McIntyre,24.5,25+,2.3,,True
OPAP,2026-03-13_crvena_zvezda_fenerbahce,Crvena Zvezda vs Fenerbahce,2026-03-13T19:00:00Z,YES,ALT_PROPS,3P Made,3P_M,3P Made,Talen Horton-Tucker,0.5,1+,1.31,,True
OPAP,2026-03-13_crvena_zvezda_fenerbahce,Crvena Zvezda vs Fenerbahce,2026-03-13T19:00:00Z,YES,ALT_PROPS,3P Made,3P_M,3P Made,Talen Horton-Tucker,1.5,2+,2.12,,True
OPAP,2026-03-13_crvena_zvezda_fenerbahce,Crvena Zvezda vs Fenerbahce,2026-03-13T19:00:00Z,YES,ALT_PROPS,3P Made,3P_M,3P Made,Talen Horton-Tucker,2.5,3+,3.55,,True
OPAP,2026-03-13_crvena_zvezda_fenerbahce,Crvena Zvezda vs Fenerbahce,2026-03-13T19:00:00Z,YES,ALT_PROPS,Assists,AS,Assists,Talen Horton-Tucker,4.5,5+,9.5,,True
OPAP,2026-03-13_crvena_zvezda_fenerbahce,Crvena Zvezda vs Fenerbahce,2026-03-13T19:00:00Z,YES,ALT_PROPS,Assists,AS,Assists,Talen Horton-Tucker,2.5,3+,2.35,,True
OPAP,2026-03-13_crvena_zvezda_fenerbahce,Crvena Zvezda vs Fenerbahce,2026-03-13T19:00:00Z,YES,ALT_PROPS,3P Made,3P_M,3P Made,Wade Baldwin,2.5,3+,5.15,,True
OPAP,2026-03-13_crvena_zvezda_fenerbahce,Crvena Zvezda vs Fenerbahce,2026-03-13T19:00:00Z,YES,ALT_PROPS,3P Made,3P_M,3P Made,Wade Baldwin,1.5,2+,2.47,,True
OPAP,2026-03-13_crvena_zvezda_fenerbahce,Crvena Zvezda vs Fenerbahce,2026-03-13T19:00:00Z,YES,ALT_PROPS,3P Made,3P_M,3P Made,Wade Baldwin,0.5,1+,1.34,,True
OPAP,2026-03-13_crvena_zvezda_fenerbahce,Crvena Zvezda vs Fenerbahce,2026-03-13T19:00:00Z,YES,ALT_PROPS,3P Made,3P_M,3P Made,Tarik Biberovic,2.5,3+,1.91,,True
OPAP,2026-03-13_crvena_zvezda_fenerbahce,Crvena Zvezda vs Fenerbahce,2026-03-13T19:00:00Z,YES,ALT_PROPS,3P Made,3P_M,3P Made,Tarik Biberovic,3.5,4+,2.6,,True
OPAP,2026-03-13_crvena_zvezda_fenerbahce,Crvena Zvezda vs Fenerbahce,2026-03-13T19:00:00Z,YES,ALT_PROPS,3P Made,3P_M,3P Made,Tarik Biberovic,1.5,2+,1.28,,True
OPAP,2026-03-13_crvena_zvezda_fenerbahce,Crvena Zvezda vs Fenerbahce,2026-03-13T19:00:00Z,YES,ALT_PROPS,Rebounds,TR,Rebounds,Chima Moneke,6.5,7+,2.07,,True
OPAP,2026-03-13_crvena_zvezda_fenerbahce,Crvena Zvezda vs Fenerbahce,2026-03-13T19:00:00Z,YES,ALT_PROPS,Rebounds,TR,Rebounds,Chima Moneke,11.5,12+,18.5,,True
OPAP,2026-03-13_crvena_zvezda_fenerbahce,Crvena Zvezda vs Fenerbahce,2026-03-13T19:00:00Z,YES,ALT_PROPS,Rebounds,TR,Rebounds,Chima Moneke,9.5,10+,6.25,,True
OPAP,2026-03-13_crvena_zvezda_fenerbahce,Crvena Zvezda vs Fenerbahce,2026-03-13T19:00:00Z,YES,ALT_PROPS,Rebounds,TR,Rebounds,Chima Moneke,4.5,5+,1.21,,True
OPAP,2026-03-13_crvena_zvezda_fenerbahce,Crvena Zvezda vs Fenerbahce,2026-03-13T19:00:00Z,YES,ALT_PROPS,Points + Assists,PA,Points + Assists,Tarik Biberovic,17.5,18+,2.8,,True
OPAP,2026-03-13_crvena_zvezda_fenerbahce,Crvena Zvezda vs Fenerbahce,2026-03-13T19:00:00Z,YES,ALT_PROPS,Points + Assists,PA,Points + Assists,Tarik Biberovic,11.5,12+,1.36,,True
OPAP,2026-03-13_crvena_zvezda_fenerbahce,Crvena Zvezda vs Fenerbahce,2026-03-13T19:00:00Z,YES,ALT_PROPS,Points + Assists,PA,Points + Assists,Tarik Biberovic,13.5,14+,1.65,,True
OPAP,2026-03-13_crvena_zvezda_fenerbahce,Crvena Zvezda vs Fenerbahce,2026-03-13T19:00:00Z,YES,ALT_PROPS,Points + Assists,PA,Points + Assists,Tarik Biberovic,15.5,16+,2.1,,True
OPAP,2026-03-13_crvena_zvezda_fenerbahce,Crvena Zvezda vs Fenerbahce,2026-03-13T19:00:00Z,YES,ALT_PROPS,Points + Assists,PA,Points + Assists,Tarik Biberovic,19.5,20+,3.75,,True
OPAP,2026-03-13_crvena_zvezda_fenerbahce,Crvena Zvezda vs Fenerbahce,2026-03-13T19:00:00Z,YES,ALT_PROPS,Rebounds,TR,Rebounds,Jordan Nwora,6.5,7+,5.0,,True
OPAP,2026-03-13_crvena_zvezda_fenerbahce,Crvena Zvezda vs Fenerbahce,2026-03-13T19:00:00Z,YES,ALT_PROPS,Rebounds,TR,Rebounds,Jordan Nwora,4.5,5+,2.2,,True
OPAP,2026-03-13_crvena_zvezda_fenerbahce,Crvena Zvezda vs Fenerbahce,2026-03-13T19:00:00Z,YES,ALT_PROPS,Rebounds,TR,Rebounds,Jordan Nwora,2.5,3+,1.18,,True
OPAP,2026-03-13_crvena_zvezda_fenerbahce,Crvena Zvezda vs Fenerbahce,2026-03-13T19:00:00Z,YES,ALT_PROPS,Assists,AS,Assists,Wade Baldwin,4.5,5+,1.23,,True
OPAP,2026-03-13_crvena_zvezda_fenerbahce,Crvena Zvezda vs Fenerbahce,2026-03-13T19:00:00Z,YES,ALT_PROPS,Assists,AS,Assists,Wade Baldwin,9.5,10+,6.75,,True
OPAP,2026-03-13_crvena_zvezda_fenerbahce,Crvena Zvezda vs Fenerbahce,2026-03-13T19:00:00Z,YES,ALT_PROPS,Assists,AS,Assists,Wade Baldwin,6.5,7+,2.15,,True
OPAP,2026-03-13_crvena_zvezda_fenerbahce,Crvena Zvezda vs Fenerbahce,2026-03-13T19:00:00Z,YES,ALT_PROPS,Points + Assists,PA,Points + Assists,Wade Baldwin,19.5,20+,1.73,,True
OPAP,2026-03-13_crvena_zvezda_fenerbahce,Crvena Zvezda vs Fenerbahce,2026-03-13T19:00:00Z,YES,ALT_PROPS,Points + Assists,PA,Points + Assists,Wade Baldwin,9.5,10+,1.01,,True
OPAP,2026-03-13_crvena_zvezda_fenerbahce,Crvena Zvezda vs Fenerbahce,2026-03-13T19:00:00Z,YES,ALT_PROPS,Points + Assists,PA,Points + Assists,Wade Baldwin,14.5,15+,1.16,,True
OPAP,2026-03-13_crvena_zvezda_fenerbahce,Crvena Zvezda vs Fenerbahce,2026-03-13T19:00:00Z,YES,ALT_PROPS,Points + Assists,PA,Points + Assists,Wade Baldwin,29.5,30+,7.5,,True
OPAP,2026-03-13_crvena_zvezda_fenerbahce,Crvena Zvezda vs Fenerbahce,2026-03-13T19:00:00Z,YES,ALT_PROPS,Points + Assists,PA,Points + Assists,Wade Baldwin,24.5,25+,3.5,,True
OPAP,2026-03-13_crvena_zvezda_fenerbahce,Crvena Zvezda vs Fenerbahce,2026-03-13T19:00:00Z,YES,ALT_PROPS,Assists,AS,Assists,Codi Miller-McIntyre,11.5,12+,8.0,,True
OPAP,2026-03-13_crvena_zvezda_fenerbahce,Crvena Zvezda vs Fenerbahce,2026-03-13T19:00:00Z,YES,ALT_PROPS,Assists,AS,Assists,Codi Miller-McIntyre,6.5,7+,1.73,,True
OPAP,2026-03-13_crvena_zvezda_fenerbahce,Crvena Zvezda vs Fenerbahce,2026-03-13T19:00:00Z,YES,ALT_PROPS,Assists,AS,Assists,Codi Miller-McIntyre,9.5,10+,4.75,,True
OPAP,2026-03-13_crvena_zvezda_fenerbahce,Crvena Zvezda vs Fenerbahce,2026-03-13T19:00:00Z,YES,ALT_PROPS,Assists,AS,Assists,Codi Miller-McIntyre,4.5,5+,1.11,,True
OPAP,2026-03-13_crvena_zvezda_fenerbahce,Crvena Zvezda vs Fenerbahce,2026-03-13T19:00:00Z,YES,ALT_PROPS,Points + Assists,PA,Points + Assists,Jared Butler,23.5,24+,3.75,,True
OPAP,2026-03-13_crvena_zvezda_fenerbahce,Crvena Zvezda vs Fenerbahce,2026-03-13T19:00:00Z,YES,ALT_PROPS,Points + Assists,PA,Points + Assists,Jared Butler,17.5,18+,1.71,,True
OPAP,2026-03-13_crvena_zvezda_fenerbahce,Crvena Zvezda vs Fenerbahce,2026-03-13T19:00:00Z,YES,ALT_PROPS,Points + Assists,PA,Points + Assists,Jared Butler,15.5,16+,1.43,,True
OPAP,2026-03-13_crvena_zvezda_fenerbahce,Crvena Zvezda vs Fenerbahce,2026-03-13T19:00:00Z,YES,ALT_PROPS,Points + Assists,PA,Points + Assists,Jared Butler,21.5,22+,2.8,,True
OPAP,2026-03-13_crvena_zvezda_fenerbahce,Crvena Zvezda vs Fenerbahce,2026-03-13T19:00:00Z,YES,ALT_PROPS,Points + Assists,PA,Points + Assists,Jared Butler,19.5,20+,2.15,,True
OPAP,2026-03-13_crvena_zvezda_fenerbahce,Crvena Zvezda vs Fenerbahce,2026-03-13T19:00:00Z,YES,ALT_PROPS,3P Made,3P_M,3P Made,Jordan Nwora,3.5,4+,4.3,,True
OPAP,2026-03-13_crvena_zvezda_fenerbahce,Crvena Zvezda vs Fenerbahce,2026-03-13T19:00:00Z,YES,ALT_PROPS,3P Made,3P_M,3P Made,Jordan Nwora,2.5,3+,2.2,,True
OPAP,2026-03-13_crvena_zvezda_fenerbahce,Crvena Zvezda vs Fenerbahce,2026-03-13T19:00:00Z,YES,ALT_PROPS,3P Made,3P_M,3P Made,Jordan Nwora,1.5,2+,1.45,,True
OPAP,2026-03-13_crvena_zvezda_fenerbahce,Crvena Zvezda vs Fenerbahce,2026-03-13T19:00:00Z,YES,ALT_PROPS,3P Made,3P_M,3P Made,Codi Miller-McIntyre,1.5,2+,1.81,,True
OPAP,2026-03-13_crvena_zvezda_fenerbahce,Crvena Zvezda vs Fenerbahce,2026-03-13T19:00:00Z,YES,ALT_PROPS,3P Made,3P_M,3P Made,Codi Miller-McIntyre,0.5,1+,1.24,,True
OPAP,2026-03-13_crvena_zvezda_fenerbahce,Crvena Zvezda vs Fenerbahce,2026-03-13T19:00:00Z,YES,ALT_PROPS,3P Made,3P_M,3P Made,Codi Miller-McIntyre,2.5,3+,2.85,,True
OPAP,2026-03-13_crvena_zvezda_fenerbahce,Crvena Zvezda vs Fenerbahce,2026-03-13T19:00:00Z,YES,ALT_PROPS,3P Made,3P_M,3P Made,Jared Butler,3.5,4+,2.8,,True
OPAP,2026-03-13_crvena_zvezda_fenerbahce,Crvena Zvezda vs Fenerbahce,2026-03-13T19:00:00Z,YES,ALT_PROPS,3P Made,3P_M,3P Made,Jared Butler,1.5,2+,1.37,,True
OPAP,2026-03-13_crvena_zvezda_fenerbahce,Crvena Zvezda vs Fenerbahce,2026-03-13T19:00:00Z,YES,ALT_PROPS,3P Made,3P_M,3P Made,Jared Butler,2.5,3+,2.12,,True
OPAP,2026-03-13_crvena_zvezda_fenerbahce,Crvena Zvezda vs Fenerbahce,2026-03-13T19:00:00Z,YES,ALT_PROPS,Rebounds,TR,Rebounds,Talen Horton-Tucker,4.5,5+,2.18,,True
OPAP,2026-03-13_crvena_zvezda_fenerbahce,Crvena Zvezda vs Fenerbahce,2026-03-13T19:00:00Z,YES,ALT_PROPS,Rebounds,TR,Rebounds,Talen Horton-Tucker,2.5,3+,1.18,,True
OPAP,2026-03-13_crvena_zvezda_fenerbahce,Crvena Zvezda vs Fenerbahce,2026-03-13T19:00:00Z,YES,ALT_PROPS,Rebounds,TR,Rebounds,Talen Horton-Tucker,6.5,7+,4.85,,True
OPAP,2026-03-13_crvena_zvezda_fenerbahce,Crvena Zvezda vs Fenerbahce,2026-03-13T19:00:00Z,YES,ALT_PROPS,Points + Rebounds,PR,Points + Rebounds,Chima Moneke,29.5,30+,9.0,,True
OPAP,2026-03-13_crvena_zvezda_fenerbahce,Crvena Zvezda vs Fenerbahce,2026-03-13T19:00:00Z,YES,ALT_PROPS,Points + Rebounds,PR,Points + Rebounds,Chima Moneke,24.5,25+,4.0,,True
OPAP,2026-03-13_crvena_zvezda_fenerbahce,Crvena Zvezda vs Fenerbahce,2026-03-13T19:00:00Z,YES,ALT_PROPS,Points + Rebounds,PR,Points + Rebounds,Chima Moneke,14.5,15+,1.22,,True
OPAP,2026-03-13_crvena_zvezda_fenerbahce,Crvena Zvezda vs Fenerbahce,2026-03-13T19:00:00Z,YES,ALT_PROPS,Points + Rebounds,PR,Points + Rebounds,Chima Moneke,9.5,10+,1.01,,True
OPAP,2026-03-13_crvena_zvezda_fenerbahce,Crvena Zvezda vs Fenerbahce,2026-03-13T19:00:00Z,YES,ALT_PROPS,Points + Rebounds,PR,Points + Rebounds,Chima Moneke,19.5,20+,1.95,,True
OPAP,2026-03-13_crvena_zvezda_fenerbahce,Crvena Zvezda vs Fenerbahce,2026-03-13T19:00:00Z,YES,ALT_PROPS,Rebounds + Assists,RA,Rebounds + Assists,Talen Horton-Tucker,5.5,6+,1.54,,True
OPAP,2026-03-13_crvena_zvezda_fenerbahce,Crvena Zvezda vs Fenerbahce,2026-03-13T19:00:00Z,YES,ALT_PROPS,Rebounds + Assists,RA,Rebounds + Assists,Talen Horton-Tucker,7.5,8+,2.7,,True
OPAP,2026-03-13_crvena_zvezda_fenerbahce,Crvena Zvezda vs Fenerbahce,2026-03-13T19:00:00Z,YES,ALT_PROPS,Rebounds + Assists,RA,Rebounds + Assists,Talen Horton-Tucker,9.5,10+,5.85,,True
OPAP,2026-03-13_crvena_zvezda_fenerbahce,Crvena Zvezda vs Fenerbahce,2026-03-13T19:00:00Z,YES,ALT_PROPS,Points + Rebounds,PR,Points + Rebounds,Talen Horton-Tucker,19.5,20+,1.44,,True
OPAP,2026-03-13_crvena_zvezda_fenerbahce,Crvena Zvezda vs Fenerbahce,2026-03-13T19:00:00Z,YES,ALT_PROPS,Points + Rebounds,PR,Points + Rebounds,Talen Horton-Tucker,24.5,25+,2.7,,True
OPAP,2026-03-13_crvena_zvezda_fenerbahce,Crvena Zvezda vs Fenerbahce,2026-03-13T19:00:00Z,YES,ALT_PROPS,Points + Rebounds,PR,Points + Rebounds,Talen Horton-Tucker,14.5,15+,1.08,,True
OPAP,2026-03-13_crvena_zvezda_fenerbahce,Crvena Zvezda vs Fenerbahce,2026-03-13T19:00:00Z,YES,ALT_PROPS,Points + Rebounds,PR,Points + Rebounds,Talen Horton-Tucker,34.5,35+,12.0,,True
OPAP,2026-03-13_crvena_zvezda_fenerbahce,Crvena Zvezda vs Fenerbahce,2026-03-13T19:00:00Z,YES,ALT_PROPS,Points + Rebounds,PR,Points + Rebounds,Talen Horton-Tucker,29.5,30+,5.75,,True
OPAP,2026-03-13_crvena_zvezda_fenerbahce,Crvena Zvezda vs Fenerbahce,2026-03-13T19:00:00Z,YES,ALT_PROPS,Rebounds + Assists,RA,Rebounds + Assists,Codi Miller-McIntyre,13.5,14+,3.25,,True
OPAP,2026-03-13_crvena_zvezda_fenerbahce,Crvena Zvezda vs Fenerbahce,2026-03-13T19:00:00Z,YES,ALT_PROPS,Rebounds + Assists,RA,Rebounds + Assists,Codi Miller-McIntyre,11.5,12+,2.0,,True
OPAP,2026-03-13_crvena_zvezda_fenerbahce,Crvena Zvezda vs Fenerbahce,2026-03-13T19:00:00Z,YES,ALT_PROPS,Rebounds + Assists,RA,Rebounds + Assists,Codi Miller-McIntyre,9.5,10+,1.4,,True
OPAP,2026-03-13_crvena_zvezda_fenerbahce,Crvena Zvezda vs Fenerbahce,2026-03-13T19:00:00Z,YES,ALT_PROPS,Rebounds + Assists,RA,Rebounds + Assists,Codi Miller-McIntyre,7.5,8+,1.13,,True
OPAP,2026-03-13_crvena_zvezda_fenerbahce,Crvena Zvezda vs Fenerbahce,2026-03-13T19:00:00Z,YES,ALT_PROPS,Rebounds + Assists,RA,Rebounds + Assists,Codi Miller-McIntyre,15.5,16+,6.0,,True
OPAP,2026-03-13_crvena_zvezda_fenerbahce,Crvena Zvezda vs Fenerbahce,2026-03-13T19:00:00Z,YES,ALT_PROPS,Points + Rebounds,PR,Points + Rebounds,Codi Miller-McIntyre,11.5,12+,1.25,,True
OPAP,2026-03-13_crvena_zvezda_fenerbahce,Crvena Zvezda vs Fenerbahce,2026-03-13T19:00:00Z,YES,ALT_PROPS,Points + Rebounds,PR,Points + Rebounds,Codi Miller-McIntyre,19.5,20+,3.4,,True
OPAP,2026-03-13_crvena_zvezda_fenerbahce,Crvena Zvezda vs Fenerbahce,2026-03-13T19:00:00Z,YES,ALT_PROPS,Points + Rebounds,PR,Points + Rebounds,Codi Miller-McIntyre,15.5,16+,1.91,,True
OPAP,2026-03-13_crvena_zvezda_fenerbahce,Crvena Zvezda vs Fenerbahce,2026-03-13T19:00:00Z,YES,ALT_PROPS,Points + Rebounds,PR,Points + Rebounds,Codi Miller-McIntyre,13.5,14+,1.5,,True
OPAP,2026-03-13_crvena_zvezda_fenerbahce,Crvena Zvezda vs Fenerbahce,2026-03-13T19:00:00Z,YES,ALT_PROPS,Points + Rebounds,PR,Points + Rebounds,Codi Miller-McIntyre,17.5,18+,2.5,,True
OPAP,2026-03-13_crvena_zvezda_fenerbahce,Crvena Zvezda vs Fenerbahce,2026-03-13T19:00:00Z,YES,ALT_PROPS,Points + Rebounds,PR,Points + Rebounds,Jordan Nwora,19.5,20+,1.61,,True
OPAP,2026-03-13_crvena_zvezda_fenerbahce,Crvena Zvezda vs Fenerbahce,2026-03-13T19:00:00Z,YES,ALT_PROPS,Points + Rebounds,PR,Points + Rebounds,Jordan Nwora,24.5,25+,2.9,,True
OPAP,2026-03-13_crvena_zvezda_fenerbahce,Crvena Zvezda vs Fenerbahce,2026-03-13T19:00:00Z,YES,ALT_PROPS,Points + Rebounds,PR,Points + Rebounds,Jordan Nwora,29.5,30+,6.25,,True
OPAP,2026-03-13_crvena_zvezda_fenerbahce,Crvena Zvezda vs Fenerbahce,2026-03-13T19:00:00Z,YES,ALT_PROPS,Points + Rebounds,PR,Points + Rebounds,Jordan Nwora,14.5,15+,1.12,,True
OPAP,2026-03-13_crvena_zvezda_fenerbahce,Crvena Zvezda vs Fenerbahce,2026-03-13T19:00:00Z,NO,ALT_PROPS,Points,POINTS,Points,Jordan Nwora,22.5,23+,3.45,,True
OPAP,2026-03-13_crvena_zvezda_fenerbahce,Crvena Zvezda vs Fenerbahce,2026-03-13T19:00:00Z,NO,ALT_PROPS,Points,POINTS,Points,Jordan Nwora,16.5,17+,1.78,,True
OPAP,2026-03-13_crvena_zvezda_fenerbahce,Crvena Zvezda vs Fenerbahce,2026-03-13T19:00:00Z,NO,ALT_PROPS,Points,POINTS,Points,Jordan Nwora,20.5,21+,2.65,,True
OPAP,2026-03-13_crvena_zvezda_fenerbahce,Crvena Zvezda vs Fenerbahce,2026-03-13T19:00:00Z,NO,ALT_PROPS,Points,POINTS,Points,Jordan Nwora,28.5,29+,9.0,,True
OPAP,2026-03-13_crvena_zvezda_fenerbahce,Crvena Zvezda vs Fenerbahce,2026-03-13T19:00:00Z,NO,ALT_PROPS,Points,POINTS,Points,Jordan Nwora,32.5,33+,20.0,,True
OPAP,2026-03-13_crvena_zvezda_fenerbahce,Crvena Zvezda vs Fenerbahce,2026-03-13T19:00:00Z,NO,ALT_PROPS,Points,POINTS,Points,Jordan Nwora,30.5,31+,13.5,,True
OPAP,2026-03-13_crvena_zvezda_fenerbahce,Crvena Zvezda vs Fenerbahce,2026-03-13T19:00:00Z,NO,ALT_PROPS,Points,POINTS,Points,Jordan Nwora,26.5,27+,6.25,,True
OPAP,2026-03-13_crvena_zvezda_fenerbahce,Crvena Zvezda vs Fenerbahce,2026-03-13T19:00:00Z,NO,ALT_PROPS,Points,POINTS,Points,Jordan Nwora,18.5,19+,2.15,,True
OPAP,2026-03-13_crvena_zvezda_fenerbahce,Crvena Zvezda vs Fenerbahce,2026-03-13T19:00:00Z,NO,MAIN_PROPS,Points,POINTS,Points,Tarik Biberovic,12.5,,1.83,1.83,True
OPAP,2026-03-13_crvena_zvezda_fenerbahce,Crvena Zvezda vs Fenerbahce,2026-03-13T19:00:00Z,NO,MAIN_PROPS,Assists,AS,Assists,Codi Miller-McIntyre,6.5,,1.82,1.88,True
OPAP,2026-03-13_crvena_zvezda_fenerbahce,Crvena Zvezda vs Fenerbahce,2026-03-13T19:00:00Z,NO,ALT_PROPS,Assists,AS,Assists,Nando De Colo,1.5,2+,1.26,,True
OPAP,2026-03-13_crvena_zvezda_fenerbahce,Crvena Zvezda vs Fenerbahce,2026-03-13T19:00:00Z,NO,ALT_PROPS,Assists,AS,Assists,Nando De Colo,4.5,5+,2.8,,True
OPAP,2026-03-13_crvena_zvezda_fenerbahce,Crvena Zvezda vs Fenerbahce,2026-03-13T19:00:00Z,NO,ALT_PROPS,Assists,AS,Assists,Nando De Colo,6.5,7+,6.0,,True
OPAP,2026-03-13_crvena_zvezda_fenerbahce,Crvena Zvezda vs Fenerbahce,2026-03-13T19:00:00Z,NO,ALT_PROPS,Assists,AS,Assists,Nando De Colo,3.5,4+,2.2,,True
OPAP,2026-03-13_crvena_zvezda_fenerbahce,Crvena Zvezda vs Fenerbahce,2026-03-13T19:00:00Z,NO,ALT_PROPS,Assists,AS,Assists,Nando De Colo,2.5,3+,1.78,,True
OPAP,2026-03-13_crvena_zvezda_fenerbahce,Crvena Zvezda vs Fenerbahce,2026-03-13T19:00:00Z,NO,ALT_PROPS,Assists,AS,Assists,Nando De Colo,5.5,6+,4.65,,True
OPAP,2026-03-13_crvena_zvezda_fenerbahce,Crvena Zvezda vs Fenerbahce,2026-03-13T19:00:00Z,NO,MAIN_PROPS,Rebounds,TR,Rebounds,Tarik Biberovic,2.5,,1.92,1.78,True
OPAP,2026-03-13_crvena_zvezda_fenerbahce,Crvena Zvezda vs Fenerbahce,2026-03-13T19:00:00Z,NO,ALT_PROPS,Rebounds,TR,Rebounds,Talen Horton-Tucker,5.5,6+,3.15,,True
OPAP,2026-03-13_crvena_zvezda_fenerbahce,Crvena Zvezda vs Fenerbahce,2026-03-13T19:00:00Z,NO,ALT_PROPS,Rebounds,TR,Rebounds,Talen Horton-Tucker,7.5,8+,8.25,,True
OPAP,2026-03-13_crvena_zvezda_fenerbahce,Crvena Zvezda vs Fenerbahce,2026-03-13T19:00:00Z,NO,ALT_PROPS,Rebounds,TR,Rebounds,Talen Horton-Tucker,3.5,4+,1.62,,True
OPAP,2026-03-13_crvena_zvezda_fenerbahce,Crvena Zvezda vs Fenerbahce,2026-03-13T19:00:00Z,NO,ALT_PROPS,Rebounds,TR,Rebounds,Talen Horton-Tucker,8.5,9+,14.0,,True
OPAP,2026-03-13_crvena_zvezda_fenerbahce,Crvena Zvezda vs Fenerbahce,2026-03-13T19:00:00Z,NO,ALT_PROPS,Rebounds,TR,Rebounds,Talen Horton-Tucker,9.5,10+,27.0,,True
OPAP,2026-03-13_crvena_zvezda_fenerbahce,Crvena Zvezda vs Fenerbahce,2026-03-13T19:00:00Z,NO,ALT_PROPS,3P Made,3P_M,3P Made,Tarik Biberovic,6.5,7+,10.75,,True
OPAP,2026-03-13_crvena_zvezda_fenerbahce,Crvena Zvezda vs Fenerbahce,2026-03-13T19:00:00Z,NO,ALT_PROPS,3P Made,3P_M,3P Made,Tarik Biberovic,5.5,6+,6.25,,True
OPAP,2026-03-13_crvena_zvezda_fenerbahce,Crvena Zvezda vs Fenerbahce,2026-03-13T19:00:00Z,NO,ALT_PROPS,3P Made,3P_M,3P Made,Tarik Biberovic,4.5,5+,3.9,,True
OPAP,2026-03-13_crvena_zvezda_fenerbahce,Crvena Zvezda vs Fenerbahce,2026-03-13T19:00:00Z,NO,MAIN_PROPS,Rebounds,TR,Rebounds,Khem Birch,4.5,,1.7,2.02,True
OPAP,2026-03-13_crvena_zvezda_fenerbahce,Crvena Zvezda vs Fenerbahce,2026-03-13T19:00:00Z,NO,ALT_PROPS,Rebounds,TR,Rebounds,Wade Baldwin,2.5,3+,1.2,,True
OPAP,2026-03-13_crvena_zvezda_fenerbahce,Crvena Zvezda vs Fenerbahce,2026-03-13T19:00:00Z,NO,ALT_PROPS,Rebounds,TR,Rebounds,Wade Baldwin,7.5,8+,9.0,,True
OPAP,2026-03-13_crvena_zvezda_fenerbahce,Crvena Zvezda vs Fenerbahce,2026-03-13T19:00:00Z,NO,ALT_PROPS,Rebounds,TR,Rebounds,Wade Baldwin,5.5,6+,3.3,,True
OPAP,2026-03-13_crvena_zvezda_fenerbahce,Crvena Zvezda vs Fenerbahce,2026-03-13T19:00:00Z,NO,ALT_PROPS,Rebounds,TR,Rebounds,Wade Baldwin,8.5,9+,16.5,,True
OPAP,2026-03-13_crvena_zvezda_fenerbahce,Crvena Zvezda vs Fenerbahce,2026-03-13T19:00:00Z,NO,ALT_PROPS,Rebounds,TR,Rebounds,Wade Baldwin,3.5,4+,1.62,,True
OPAP,2026-03-13_crvena_zvezda_fenerbahce,Crvena Zvezda vs Fenerbahce,2026-03-13T19:00:00Z,NO,ALT_PROPS,Rebounds,TR,Rebounds,Wade Baldwin,6.5,7+,5.25,,True
OPAP,2026-03-13_crvena_zvezda_fenerbahce,Crvena Zvezda vs Fenerbahce,2026-03-13T19:00:00Z,NO,ALT_PROPS,Rebounds,TR,Rebounds,Wade Baldwin,9.5,10+,33.0,,True
OPAP,2026-03-13_crvena_zvezda_fenerbahce,Crvena Zvezda vs Fenerbahce,2026-03-13T19:00:00Z,NO,ALT_PROPS,Rebounds,TR,Rebounds,Wade Baldwin,4.5,5+,2.2,,True
OPAP,2026-03-13_crvena_zvezda_fenerbahce,Crvena Zvezda vs Fenerbahce,2026-03-13T19:00:00Z,NO,MAIN_PROPS,Assists,AS,Assists,Nando De Colo,2.5,,1.91,1.8,True
OPAP,2026-03-13_crvena_zvezda_fenerbahce,Crvena Zvezda vs Fenerbahce,2026-03-13T19:00:00Z,NO,ALT_PROPS,Points,POINTS,Points,Nando De Colo,12.5,13+,2.62,,True
OPAP,2026-03-13_crvena_zvezda_fenerbahce,Crvena Zvezda vs Fenerbahce,2026-03-13T19:00:00Z,NO,ALT_PROPS,Points,POINTS,Points,Nando De Colo,6.5,7+,1.25,,True
OPAP,2026-03-13_crvena_zvezda_fenerbahce,Crvena Zvezda vs Fenerbahce,2026-03-13T19:00:00Z,NO,ALT_PROPS,Points,POINTS,Points,Nando De Colo,22.5,23+,16.5,,True
OPAP,2026-03-13_crvena_zvezda_fenerbahce,Crvena Zvezda vs Fenerbahce,2026-03-13T19:00:00Z,NO,ALT_PROPS,Points,POINTS,Points,Nando De Colo,24.5,25+,27.0,,True
OPAP,2026-03-13_crvena_zvezda_fenerbahce,Crvena Zvezda vs Fenerbahce,2026-03-13T19:00:00Z,NO,ALT_PROPS,Points,POINTS,Points,Nando De Colo,14.5,15+,3.4,,True
OPAP,2026-03-13_crvena_zvezda_fenerbahce,Crvena Zvezda vs Fenerbahce,2026-03-13T19:00:00Z,NO,ALT_PROPS,Points,POINTS,Points,Nando De Colo,18.5,19+,7.0,,True
OPAP,2026-03-13_crvena_zvezda_fenerbahce,Crvena Zvezda vs Fenerbahce,2026-03-13T19:00:00Z,NO,ALT_PROPS,Points,POINTS,Points,Nando De Colo,16.5,17+,4.75,,True
OPAP,2026-03-13_crvena_zvezda_fenerbahce,Crvena Zvezda vs Fenerbahce,2026-03-13T19:00:00Z,NO,ALT_PROPS,Points,POINTS,Points,Nando De Colo,20.5,21+,10.5,,True
OPAP,2026-03-13_crvena_zvezda_fenerbahce,Crvena Zvezda vs Fenerbahce,2026-03-13T19:00:00Z,NO,ALT_PROPS,Points,POINTS,Points,Nando De Colo,8.5,9+,1.71,,True
OPAP,2026-03-13_crvena_zvezda_fenerbahce,Crvena Zvezda vs Fenerbahce,2026-03-13T19:00:00Z,NO,ALT_PROPS,Points,POINTS,Points,Nando De Colo,10.5,11+,2.02,,True
OPAP,2026-03-13_crvena_zvezda_fenerbahce,Crvena Zvezda vs Fenerbahce,2026-03-13T19:00:00Z,NO,MAIN_PROPS,Points,POINTS,Points,Khem Birch,3.5,,1.91,1.8,True
OPAP,2026-03-13_crvena_zvezda_fenerbahce,Crvena Zvezda vs Fenerbahce,2026-03-13T19:00:00Z,NO,MAIN_PROPS,Points,POINTS,Points,Nando De Colo,8.5,,1.8,1.91,True
OPAP,2026-03-13_crvena_zvezda_fenerbahce,Crvena Zvezda vs Fenerbahce,2026-03-13T19:00:00Z,NO,MAIN_PROPS,Points,POINTS,Points,Nikola Kalinic,5.5,,1.87,1.83,True
OPAP,2026-03-13_crvena_zvezda_fenerbahce,Crvena Zvezda vs Fenerbahce,2026-03-13T19:00:00Z,NO,MAIN_PROPS,3P Made,3P_M,3P Made,Nando De Colo,0.5,,1.42,2.6,True
OPAP,2026-03-13_crvena_zvezda_fenerbahce,Crvena Zvezda vs Fenerbahce,2026-03-13T19:00:00Z,NO,MAIN_PROPS,Rebounds,TR,Rebounds,Nikola Kalinic,2.5,,1.65,2.1,True
OPAP,2026-03-13_crvena_zvezda_fenerbahce,Crvena Zvezda vs Fenerbahce,2026-03-13T19:00:00Z,NO,ALT_PROPS,3P Made,3P_M,3P Made,Wade Baldwin,3.5,4+,13.0,,True
OPAP,2026-03-13_crvena_zvezda_fenerbahce,Crvena Zvezda vs Fenerbahce,2026-03-13T19:00:00Z,NO,ALT_PROPS,3P Made,3P_M,3P Made,Wade Baldwin,4.5,5+,35.0,,True
OPAP,2026-03-13_crvena_zvezda_fenerbahce,Crvena Zvezda vs Fenerbahce,2026-03-13T19:00:00Z,NO,MAIN_PROPS,3P Made,3P_M,3P Made,Nikola Kalinic,0.5,,1.52,2.35,True
OPAP,2026-03-13_crvena_zvezda_fenerbahce,Crvena Zvezda vs Fenerbahce,2026-03-13T19:00:00Z,NO,ALT_PROPS,Assists,AS,Assists,Tarik Biberovic,5.5,6+,29.0,,True
OPAP,2026-03-13_crvena_zvezda_fenerbahce,Crvena Zvezda vs Fenerbahce,2026-03-13T19:00:00Z,NO,ALT_PROPS,Assists,AS,Assists,Tarik Biberovic,1.5,2+,1.87,,True
OPAP,2026-03-13_crvena_zvezda_fenerbahce,Crvena Zvezda vs Fenerbahce,2026-03-13T19:00:00Z,NO,ALT_PROPS,Assists,AS,Assists,Tarik Biberovic,3.5,4+,5.5,,True
OPAP,2026-03-13_crvena_zvezda_fenerbahce,Crvena Zvezda vs Fenerbahce,2026-03-13T19:00:00Z,NO,ALT_PROPS,Rebounds,TR,Rebounds,Tarik Biberovic,5.5,6+,6.25,,True
OPAP,2026-03-13_crvena_zvezda_fenerbahce,Crvena Zvezda vs Fenerbahce,2026-03-13T19:00:00Z,NO,ALT_PROPS,Rebounds,TR,Rebounds,Tarik Biberovic,7.5,8+,21.0,,True
OPAP,2026-03-13_crvena_zvezda_fenerbahce,Crvena Zvezda vs Fenerbahce,2026-03-13T19:00:00Z,NO,ALT_PROPS,Rebounds,TR,Rebounds,Tarik Biberovic,2.5,3+,1.75,,True
OPAP,2026-03-13_crvena_zvezda_fenerbahce,Crvena Zvezda vs Fenerbahce,2026-03-13T19:00:00Z,NO,ALT_PROPS,Rebounds,TR,Rebounds,Tarik Biberovic,3.5,4+,2.45,,True
OPAP,2026-03-13_crvena_zvezda_fenerbahce,Crvena Zvezda vs Fenerbahce,2026-03-13T19:00:00Z,NO,ALT_PROPS,Rebounds,TR,Rebounds,Tarik Biberovic,4.5,5+,3.75,,True
OPAP,2026-03-13_crvena_zvezda_fenerbahce,Crvena Zvezda vs Fenerbahce,2026-03-13T19:00:00Z,NO,ALT_PROPS,Rebounds,TR,Rebounds,Tarik Biberovic,6.5,7+,11.0,,True
OPAP,2026-03-13_crvena_zvezda_fenerbahce,Crvena Zvezda vs Fenerbahce,2026-03-13T19:00:00Z,NO,ALT_PROPS,Rebounds,TR,Rebounds,Tarik Biberovic,8.5,9+,40.0,,True
OPAP,2026-03-13_crvena_zvezda_fenerbahce,Crvena Zvezda vs Fenerbahce,2026-03-13T19:00:00Z,NO,ALT_PROPS,Points,POINTS,Points,Khem Birch,11.5,12+,5.0,,True
OPAP,2026-03-13_crvena_zvezda_fenerbahce,Crvena Zvezda vs Fenerbahce,2026-03-13T19:00:00Z,NO,ALT_PROPS,Points,POINTS,Points,Khem Birch,17.5,18+,18.5,,True
OPAP,2026-03-13_crvena_zvezda_fenerbahce,Crvena Zvezda vs Fenerbahce,2026-03-13T19:00:00Z,NO,ALT_PROPS,Points,POINTS,Points,Khem Birch,5.5,6+,2.15,,True
OPAP,2026-03-13_crvena_zvezda_fenerbahce,Crvena Zvezda vs Fenerbahce,2026-03-13T19:00:00Z,NO,ALT_PROPS,Points,POINTS,Points,Khem Birch,19.5,20+,31.0,,True
OPAP,2026-03-13_crvena_zvezda_fenerbahce,Crvena Zvezda vs Fenerbahce,2026-03-13T19:00:00Z,NO,ALT_PROPS,Points,POINTS,Points,Khem Birch,15.5,16+,11.5,,True
OPAP,2026-03-13_crvena_zvezda_fenerbahce,Crvena Zvezda vs Fenerbahce,2026-03-13T19:00:00Z,NO,ALT_PROPS,Points,POINTS,Points,Khem Birch,7.5,8+,2.82,,True
OPAP,2026-03-13_crvena_zvezda_fenerbahce,Crvena Zvezda vs Fenerbahce,2026-03-13T19:00:00Z,NO,ALT_PROPS,Points,POINTS,Points,Khem Birch,9.5,10+,3.75,,True
OPAP,2026-03-13_crvena_zvezda_fenerbahce,Crvena Zvezda vs Fenerbahce,2026-03-13T19:00:00Z,NO,ALT_PROPS,Points,POINTS,Points,Khem Birch,13.5,14+,7.5,,True
OPAP,2026-03-13_crvena_zvezda_fenerbahce,Crvena Zvezda vs Fenerbahce,2026-03-13T19:00:00Z,NO,ALT_PROPS,Rebounds,TR,Rebounds,Nikola Kalinic,8.5,9+,41.0,,True
OPAP,2026-03-13_crvena_zvezda_fenerbahce,Crvena Zvezda vs Fenerbahce,2026-03-13T19:00:00Z,NO,ALT_PROPS,Rebounds,TR,Rebounds,Nikola Kalinic,5.5,6+,5.5,,True
OPAP,2026-03-13_crvena_zvezda_fenerbahce,Crvena Zvezda vs Fenerbahce,2026-03-13T19:00:00Z,NO,ALT_PROPS,Rebounds,TR,Rebounds,Nikola Kalinic,7.5,8+,20.0,,True
OPAP,2026-03-13_crvena_zvezda_fenerbahce,Crvena Zvezda vs Fenerbahce,2026-03-13T19:00:00Z,NO,ALT_PROPS,Rebounds,TR,Rebounds,Nikola Kalinic,3.5,4+,2.15,,True
OPAP,2026-03-13_crvena_zvezda_fenerbahce,Crvena Zvezda vs Fenerbahce,2026-03-13T19:00:00Z,NO,ALT_PROPS,Rebounds,TR,Rebounds,Nikola Kalinic,6.5,7+,10.0,,True
OPAP,2026-03-13_crvena_zvezda_fenerbahce,Crvena Zvezda vs Fenerbahce,2026-03-13T19:00:00Z,NO,ALT_PROPS,Rebounds,TR,Rebounds,Nikola Kalinic,4.5,5+,3.25,,True
OPAP,2026-03-13_crvena_zvezda_fenerbahce,Crvena Zvezda vs Fenerbahce,2026-03-13T19:00:00Z,NO,ALT_PROPS,Rebounds,TR,Rebounds,Nikola Kalinic,2.5,3+,1.5,,True
OPAP,2026-03-13_crvena_zvezda_fenerbahce,Crvena Zvezda vs Fenerbahce,2026-03-13T19:00:00Z,NO,MAIN_PROPS,Assists,AS,Assists,Tarik Biberovic,1.5,,2.08,1.67,True
OPAP,2026-03-13_crvena_zvezda_fenerbahce,Crvena Zvezda vs Fenerbahce,2026-03-13T19:00:00Z,NO,ALT_PROPS,3P Made,3P_M,3P Made,Codi Miller-McIntyre,5.5,6+,22.0,,True
OPAP,2026-03-13_crvena_zvezda_fenerbahce,Crvena Zvezda vs Fenerbahce,2026-03-13T19:00:00Z,NO,ALT_PROPS,3P Made,3P_M,3P Made,Codi Miller-McIntyre,4.5,5+,10.0,,True
OPAP,2026-03-13_crvena_zvezda_fenerbahce,Crvena Zvezda vs Fenerbahce,2026-03-13T19:00:00Z,NO,ALT_PROPS,3P Made,3P_M,3P Made,Codi Miller-McIntyre,3.5,4+,5.0,,True
OPAP,2026-03-13_crvena_zvezda_fenerbahce,Crvena Zvezda vs Fenerbahce,2026-03-13T19:00:00Z,NO,ALT_PROPS,Assists,AS,Assists,Codi Miller-McIntyre,5.5,6+,1.31,,True
OPAP,2026-03-13_crvena_zvezda_fenerbahce,Crvena Zvezda vs Fenerbahce,2026-03-13T19:00:00Z,NO,ALT_PROPS,Assists,AS,Assists,Codi Miller-McIntyre,10.5,11+,7.25,,True
OPAP,2026-03-13_crvena_zvezda_fenerbahce,Crvena Zvezda vs Fenerbahce,2026-03-13T19:00:00Z,NO,ALT_PROPS,Assists,AS,Assists,Codi Miller-McIntyre,7.5,8+,2.3,,True
OPAP,2026-03-13_crvena_zvezda_fenerbahce,Crvena Zvezda vs Fenerbahce,2026-03-13T19:00:00Z,NO,ALT_PROPS,Assists,AS,Assists,Codi Miller-McIntyre,8.5,9+,3.75,,True
OPAP,2026-03-13_crvena_zvezda_fenerbahce,Crvena Zvezda vs Fenerbahce,2026-03-13T19:00:00Z,NO,ALT_PROPS,3P Made,3P_M,3P Made,Nikola Kalinic,4.5,5+,33.0,,True
OPAP,2026-03-13_crvena_zvezda_fenerbahce,Crvena Zvezda vs Fenerbahce,2026-03-13T19:00:00Z,NO,ALT_PROPS,3P Made,3P_M,3P Made,Nikola Kalinic,2.5,3+,5.15,,True
OPAP,2026-03-13_crvena_zvezda_fenerbahce,Crvena Zvezda vs Fenerbahce,2026-03-13T19:00:00Z,NO,ALT_PROPS,3P Made,3P_M,3P Made,Nikola Kalinic,3.5,4+,12.5,,True
OPAP,2026-03-13_crvena_zvezda_fenerbahce,Crvena Zvezda vs Fenerbahce,2026-03-13T19:00:00Z,NO,ALT_PROPS,3P Made,3P_M,3P Made,Nikola Kalinic,1.5,2+,2.42,,True
OPAP,2026-03-13_crvena_zvezda_fenerbahce,Crvena Zvezda vs Fenerbahce,2026-03-13T19:00:00Z,NO,ALT_PROPS,Assists,AS,Assists,Wade Baldwin,8.5,9+,4.25,,True
OPAP,2026-03-13_crvena_zvezda_fenerbahce,Crvena Zvezda vs Fenerbahce,2026-03-13T19:00:00Z,NO,ALT_PROPS,Assists,AS,Assists,Wade Baldwin,5.5,6+,1.63,,True
OPAP,2026-03-13_crvena_zvezda_fenerbahce,Crvena Zvezda vs Fenerbahce,2026-03-13T19:00:00Z,NO,ALT_PROPS,Assists,AS,Assists,Wade Baldwin,7.5,8+,3.0,,True
OPAP,2026-03-13_crvena_zvezda_fenerbahce,Crvena Zvezda vs Fenerbahce,2026-03-13T19:00:00Z,NO,ALT_PROPS,Assists,AS,Assists,Wade Baldwin,3.5,4+,1.06,,True
OPAP,2026-03-13_crvena_zvezda_fenerbahce,Crvena Zvezda vs Fenerbahce,2026-03-13T19:00:00Z,NO,ALT_PROPS,Points,POINTS,Points,Codi Miller-McIntyre,25.5,26+,27.0,,True
OPAP,2026-03-13_crvena_zvezda_fenerbahce,Crvena Zvezda vs Fenerbahce,2026-03-13T19:00:00Z,NO,ALT_PROPS,Points,POINTS,Points,Codi Miller-McIntyre,21.5,22+,9.5,,True
OPAP,2026-03-13_crvena_zvezda_fenerbahce,Crvena Zvezda vs Fenerbahce,2026-03-13T19:00:00Z,NO,ALT_PROPS,Points,POINTS,Points,Codi Miller-McIntyre,23.5,24+,16.0,,True
OPAP,2026-03-13_crvena_zvezda_fenerbahce,Crvena Zvezda vs Fenerbahce,2026-03-13T19:00:00Z,NO,ALT_PROPS,Points,POINTS,Points,Codi Miller-McIntyre,13.5,14+,2.35,,True
OPAP,2026-03-13_crvena_zvezda_fenerbahce,Crvena Zvezda vs Fenerbahce,2026-03-13T19:00:00Z,NO,ALT_PROPS,Points,POINTS,Points,Codi Miller-McIntyre,15.5,16+,3.1,,True
OPAP,2026-03-13_crvena_zvezda_fenerbahce,Crvena Zvezda vs Fenerbahce,2026-03-13T19:00:00Z,NO,ALT_PROPS,Points,POINTS,Points,Codi Miller-McIntyre,19.5,20+,6.35,,True
OPAP,2026-03-13_crvena_zvezda_fenerbahce,Crvena Zvezda vs Fenerbahce,2026-03-13T19:00:00Z,NO,ALT_PROPS,3P Made,3P_M,3P Made,Nando De Colo,2.5,3+,4.5,,True
OPAP,2026-03-13_crvena_zvezda_fenerbahce,Crvena Zvezda vs Fenerbahce,2026-03-13T19:00:00Z,NO,ALT_PROPS,3P Made,3P_M,3P Made,Nando De Colo,4.5,5+,29.0,,True
OPAP,2026-03-13_crvena_zvezda_fenerbahce,Crvena Zvezda vs Fenerbahce,2026-03-13T19:00:00Z,NO,ALT_PROPS,3P Made,3P_M,3P Made,Nando De Colo,3.5,4+,11.5,,True
OPAP,2026-03-13_crvena_zvezda_fenerbahce,Crvena Zvezda vs Fenerbahce,2026-03-13T19:00:00Z,NO,ALT_PROPS,3P Made,3P_M,3P Made,Nando De Colo,1.5,2+,2.25,,True
OPAP,2026-03-13_crvena_zvezda_fenerbahce,Crvena Zvezda vs Fenerbahce,2026-03-13T19:00:00Z,NO,ALT_PROPS,Points,POINTS,Points,Wade Baldwin,13.5,14+,1.82,,True
OPAP,2026-03-13_crvena_zvezda_fenerbahce,Crvena Zvezda vs Fenerbahce,2026-03-13T19:00:00Z,NO,ALT_PROPS,Points,POINTS,Points,Wade Baldwin,21.5,22+,6.15,,True
OPAP,2026-03-13_crvena_zvezda_fenerbahce,Crvena Zvezda vs Fenerbahce,2026-03-13T19:00:00Z,NO,ALT_PROPS,Points,POINTS,Points,Wade Baldwin,15.5,16+,2.25,,True
OPAP,2026-03-13_crvena_zvezda_fenerbahce,Crvena Zvezda vs Fenerbahce,2026-03-13T19:00:00Z,NO,ALT_PROPS,Points,POINTS,Points,Wade Baldwin,23.5,24+,9.75,,True
OPAP,2026-03-13_crvena_zvezda_fenerbahce,Crvena Zvezda vs Fenerbahce,2026-03-13T19:00:00Z,NO,ALT_PROPS,Points,POINTS,Points,Wade Baldwin,25.5,26+,15.5,,True
OPAP,2026-03-13_crvena_zvezda_fenerbahce,Crvena Zvezda vs Fenerbahce,2026-03-13T19:00:00Z,NO,ALT_PROPS,Points,POINTS,Points,Wade Baldwin,27.5,28+,28.0,,True
OPAP,2026-03-13_crvena_zvezda_fenerbahce,Crvena Zvezda vs Fenerbahce,2026-03-13T19:00:00Z,NO,ALT_PROPS,Rebounds,TR,Rebounds,Codi Miller-McIntyre,9.5,10+,35.0,,True
OPAP,2026-03-13_crvena_zvezda_fenerbahce,Crvena Zvezda vs Fenerbahce,2026-03-13T19:00:00Z,NO,ALT_PROPS,Rebounds,TR,Rebounds,Codi Miller-McIntyre,5.5,6+,3.3,,True
OPAP,2026-03-13_crvena_zvezda_fenerbahce,Crvena Zvezda vs Fenerbahce,2026-03-13T19:00:00Z,NO,ALT_PROPS,Rebounds,TR,Rebounds,Codi Miller-McIntyre,3.5,4+,1.62,,True
OPAP,2026-03-13_crvena_zvezda_fenerbahce,Crvena Zvezda vs Fenerbahce,2026-03-13T19:00:00Z,NO,ALT_PROPS,Rebounds,TR,Rebounds,Codi Miller-McIntyre,8.5,9+,17.0,,True
OPAP,2026-03-13_crvena_zvezda_fenerbahce,Crvena Zvezda vs Fenerbahce,2026-03-13T19:00:00Z,NO,ALT_PROPS,Rebounds,TR,Rebounds,Codi Miller-McIntyre,7.5,8+,9.25,,True
OPAP,2026-03-13_crvena_zvezda_fenerbahce,Crvena Zvezda vs Fenerbahce,2026-03-13T19:00:00Z,NO,ALT_PROPS,Rebounds,TR,Rebounds,Khem Birch,7.5,8+,4.35,,True
OPAP,2026-03-13_crvena_zvezda_fenerbahce,Crvena Zvezda vs Fenerbahce,2026-03-13T19:00:00Z,NO,ALT_PROPS,Rebounds,TR,Rebounds,Khem Birch,5.5,6+,2.12,,True
OPAP,2026-03-13_crvena_zvezda_fenerbahce,Crvena Zvezda vs Fenerbahce,2026-03-13T19:00:00Z,NO,ALT_PROPS,Rebounds,TR,Rebounds,Khem Birch,8.5,9+,6.75,,True
OPAP,2026-03-13_crvena_zvezda_fenerbahce,Crvena Zvezda vs Fenerbahce,2026-03-13T19:00:00Z,NO,ALT_PROPS,Rebounds,TR,Rebounds,Khem Birch,9.5,10+,11.5,,True
OPAP,2026-03-13_crvena_zvezda_fenerbahce,Crvena Zvezda vs Fenerbahce,2026-03-13T19:00:00Z,NO,ALT_PROPS,Rebounds,TR,Rebounds,Khem Birch,3.5,4+,1.23,,True
OPAP,2026-03-13_crvena_zvezda_fenerbahce,Crvena Zvezda vs Fenerbahce,2026-03-13T19:00:00Z,NO,ALT_PROPS,Rebounds,TR,Rebounds,Khem Birch,11.5,12+,37.0,,True
OPAP,2026-03-13_crvena_zvezda_fenerbahce,Crvena Zvezda vs Fenerbahce,2026-03-13T19:00:00Z,NO,ALT_PROPS,Rebounds,TR,Rebounds,Khem Birch,10.5,11+,20.0,,True
OPAP,2026-03-13_crvena_zvezda_fenerbahce,Crvena Zvezda vs Fenerbahce,2026-03-13T19:00:00Z,NO,ALT_PROPS,Rebounds,TR,Rebounds,Khem Birch,6.5,7+,3.0,,True
OPAP,2026-03-13_crvena_zvezda_fenerbahce,Crvena Zvezda vs Fenerbahce,2026-03-13T19:00:00Z,NO,ALT_PROPS,Rebounds,TR,Rebounds,Khem Birch,4.5,5+,1.61,,True
OPAP,2026-03-13_crvena_zvezda_fenerbahce,Crvena Zvezda vs Fenerbahce,2026-03-13T19:00:00Z,NO,ALT_PROPS,Points,POINTS,Points,Nikola Kalinic,15.5,16+,11.0,,True
OPAP,2026-03-13_crvena_zvezda_fenerbahce,Crvena Zvezda vs Fenerbahce,2026-03-13T19:00:00Z,NO,ALT_PROPS,Points,POINTS,Points,Nikola Kalinic,13.5,14+,6.75,,True
OPAP,2026-03-13_crvena_zvezda_fenerbahce,Crvena Zvezda vs Fenerbahce,2026-03-13T19:00:00Z,NO,ALT_PROPS,Points,POINTS,Points,Nikola Kalinic,5.5,6+,1.75,,True
OPAP,2026-03-13_crvena_zvezda_fenerbahce,Crvena Zvezda vs Fenerbahce,2026-03-13T19:00:00Z,NO,ALT_PROPS,Points,POINTS,Points,Nikola Kalinic,19.5,20+,35.0,,True
OPAP,2026-03-13_crvena_zvezda_fenerbahce,Crvena Zvezda vs Fenerbahce,2026-03-13T19:00:00Z,NO,ALT_PROPS,Points,POINTS,Points,Nikola Kalinic,17.5,18+,18.5,,True
OPAP,2026-03-13_crvena_zvezda_fenerbahce,Crvena Zvezda vs Fenerbahce,2026-03-13T19:00:00Z,NO,ALT_PROPS,Points,POINTS,Points,Nikola Kalinic,11.5,12+,4.25,,True
OPAP,2026-03-13_crvena_zvezda_fenerbahce,Crvena Zvezda vs Fenerbahce,2026-03-13T19:00:00Z,NO,ALT_PROPS,Points,POINTS,Points,Tarik Biberovic,12.5,13+,1.75,,True
OPAP,2026-03-13_crvena_zvezda_fenerbahce,Crvena Zvezda vs Fenerbahce,2026-03-13T19:00:00Z,NO,ALT_PROPS,Points,POINTS,Points,Tarik Biberovic,16.5,17+,3.55,,True
OPAP,2026-03-13_crvena_zvezda_fenerbahce,Crvena Zvezda vs Fenerbahce,2026-03-13T19:00:00Z,NO,ALT_PROPS,Points,POINTS,Points,Tarik Biberovic,10.5,11+,1.32,,True
OPAP,2026-03-13_crvena_zvezda_fenerbahce,Crvena Zvezda vs Fenerbahce,2026-03-13T19:00:00Z,NO,ALT_PROPS,Points,POINTS,Points,Tarik Biberovic,26.5,27+,25.0,,True
OPAP,2026-03-13_crvena_zvezda_fenerbahce,Crvena Zvezda vs Fenerbahce,2026-03-13T19:00:00Z,NO,ALT_PROPS,Points,POINTS,Points,Tarik Biberovic,22.5,23+,9.25,,True
OPAP,2026-03-13_crvena_zvezda_fenerbahce,Crvena Zvezda vs Fenerbahce,2026-03-13T19:00:00Z,NO,ALT_PROPS,Points,POINTS,Points,Tarik Biberovic,24.5,25+,14.5,,True
OPAP,2026-03-13_crvena_zvezda_fenerbahce,Crvena Zvezda vs Fenerbahce,2026-03-13T19:00:00Z,NO,ALT_PROPS,Points,POINTS,Points,Tarik Biberovic,20.5,21+,6.0,,True
OPAP,2026-03-13_crvena_zvezda_fenerbahce,Crvena Zvezda vs Fenerbahce,2026-03-13T19:00:00Z,NO,ALT_PROPS,Points,POINTS,Points,Tarik Biberovic,18.5,19+,4.0,,True
OPAP,2026-03-13_crvena_zvezda_fenerbahce,Crvena Zvezda vs Fenerbahce,2026-03-13T19:00:00Z,NO,ALT_PROPS,Points,POINTS,Points,Tarik Biberovic,28.5,29+,45.0,,True
OPAP,2026-03-13_crvena_zvezda_fenerbahce,Crvena Zvezda vs Fenerbahce,2026-03-13T19:00:00Z,NO,MAIN_PROPS,Assists,AS,Assists,Jared Butler,3.5,,1.65,2.1,True
OPAP,2026-03-13_crvena_zvezda_fenerbahce,Crvena Zvezda vs Fenerbahce,2026-03-13T19:00:00Z,NO,MAIN_PROPS,Rebounds,TR,Rebounds,Jared Butler,1.5,,1.65,2.1,True
OPAP,2026-03-13_crvena_zvezda_fenerbahce,Crvena Zvezda vs Fenerbahce,2026-03-13T19:00:00Z,NO,MAIN_PROPS,3P Made,3P_M,3P Made,Jordan Nwora,1.5,,1.55,2.32,True
OPAP,2026-03-13_crvena_zvezda_fenerbahce,Crvena Zvezda vs Fenerbahce,2026-03-13T19:00:00Z,NO,ALT_PROPS,Assists,AS,Assists,Talen Horton-Tucker,5.5,6+,23.0,,True
OPAP,2026-03-13_crvena_zvezda_fenerbahce,Crvena Zvezda vs Fenerbahce,2026-03-13T19:00:00Z,NO,ALT_PROPS,Assists,AS,Assists,Talen Horton-Tucker,1.5,2+,1.43,,True
OPAP,2026-03-13_crvena_zvezda_fenerbahce,Crvena Zvezda vs Fenerbahce,2026-03-13T19:00:00Z,NO,ALT_PROPS,Assists,AS,Assists,Talen Horton-Tucker,3.5,4+,4.25,,True
OPAP,2026-03-13_crvena_zvezda_fenerbahce,Crvena Zvezda vs Fenerbahce,2026-03-13T19:00:00Z,NO,ALT_PROPS,Rebounds,TR,Rebounds,Jordan Nwora,8.5,9+,14.5,,True
OPAP,2026-03-13_crvena_zvezda_fenerbahce,Crvena Zvezda vs Fenerbahce,2026-03-13T19:00:00Z,NO,ALT_PROPS,Rebounds,TR,Rebounds,Jordan Nwora,9.5,10+,27.0,,True
OPAP,2026-03-13_crvena_zvezda_fenerbahce,Crvena Zvezda vs Fenerbahce,2026-03-13T19:00:00Z,NO,ALT_PROPS,Rebounds,TR,Rebounds,Jordan Nwora,3.5,4+,1.65,,True
OPAP,2026-03-13_crvena_zvezda_fenerbahce,Crvena Zvezda vs Fenerbahce,2026-03-13T19:00:00Z,NO,ALT_PROPS,Rebounds,TR,Rebounds,Jordan Nwora,7.5,8+,8.25,,True
OPAP,2026-03-13_crvena_zvezda_fenerbahce,Crvena Zvezda vs Fenerbahce,2026-03-13T19:00:00Z,NO,ALT_PROPS,Rebounds,TR,Rebounds,Jordan Nwora,5.5,6+,3.8,,True
OPAP,2026-03-13_crvena_zvezda_fenerbahce,Crvena Zvezda vs Fenerbahce,2026-03-13T19:00:00Z,NO,ALT_PROPS,3P Made,3P_M,3P Made,Bonzie Colson,3.5,4+,6.85,,True
OPAP,2026-03-13_crvena_zvezda_fenerbahce,Crvena Zvezda vs Fenerbahce,2026-03-13T19:00:00Z,NO,ALT_PROPS,3P Made,3P_M,3P Made,Bonzie Colson,4.5,5+,15.5,,True
OPAP,2026-03-13_crvena_zvezda_fenerbahce,Crvena Zvezda vs Fenerbahce,2026-03-13T19:00:00Z,NO,ALT_PROPS,3P Made,3P_M,3P Made,Bonzie Colson,5.5,6+,37.0,,True
OPAP,2026-03-13_crvena_zvezda_fenerbahce,Crvena Zvezda vs Fenerbahce,2026-03-13T19:00:00Z,NO,ALT_PROPS,Rebounds,TR,Rebounds,Jared Butler,5.5,6+,22.0,,True
OPAP,2026-03-13_crvena_zvezda_fenerbahce,Crvena Zvezda vs Fenerbahce,2026-03-13T19:00:00Z,NO,ALT_PROPS,Rebounds,TR,Rebounds,Jared Butler,4.5,5+,9.25,,True
OPAP,2026-03-13_crvena_zvezda_fenerbahce,Crvena Zvezda vs Fenerbahce,2026-03-13T19:00:00Z,NO,ALT_PROPS,Rebounds,TR,Rebounds,Jared Butler,3.5,4+,4.35,,True
OPAP,2026-03-13_crvena_zvezda_fenerbahce,Crvena Zvezda vs Fenerbahce,2026-03-13T19:00:00Z,NO,ALT_PROPS,Rebounds,TR,Rebounds,Jared Butler,2.5,3+,2.3,,True
OPAP,2026-03-13_crvena_zvezda_fenerbahce,Crvena Zvezda vs Fenerbahce,2026-03-13T19:00:00Z,NO,MAIN_PROPS,Assists,AS,Assists,Talen Horton-Tucker,1.5,,1.57,2.25,True
OPAP,2026-03-13_crvena_zvezda_fenerbahce,Crvena Zvezda vs Fenerbahce,2026-03-13T19:00:00Z,NO,MAIN_PROPS,Points,POINTS,Points,Jared Butler,13.5,,1.87,1.83,True
OPAP,2026-03-13_crvena_zvezda_fenerbahce,Crvena Zvezda vs Fenerbahce,2026-03-13T19:00:00Z,NO,ALT_PROPS,Points,POINTS,Points,Bonzie Colson,5.5,6+,1.35,,True
OPAP,2026-03-13_crvena_zvezda_fenerbahce,Crvena Zvezda vs Fenerbahce,2026-03-13T19:00:00Z,NO,ALT_PROPS,Points,POINTS,Points,Bonzie Colson,17.5,18+,9.0,,True
OPAP,2026-03-13_crvena_zvezda_fenerbahce,Crvena Zvezda vs Fenerbahce,2026-03-13T19:00:00Z,NO,ALT_PROPS,Points,POINTS,Points,Bonzie Colson,19.5,20+,15.0,,True
OPAP,2026-03-13_crvena_zvezda_fenerbahce,Crvena Zvezda vs Fenerbahce,2026-03-13T19:00:00Z,NO,ALT_PROPS,Points,POINTS,Points,Bonzie Colson,15.5,16+,5.75,,True
OPAP,2026-03-13_crvena_zvezda_fenerbahce,Crvena Zvezda vs Fenerbahce,2026-03-13T19:00:00Z,NO,ALT_PROPS,Points,POINTS,Points,Bonzie Colson,13.5,14+,4.0,,True
OPAP,2026-03-13_crvena_zvezda_fenerbahce,Crvena Zvezda vs Fenerbahce,2026-03-13T19:00:00Z,NO,ALT_PROPS,Points,POINTS,Points,Bonzie Colson,21.5,22+,25.0,,True
OPAP,2026-03-13_crvena_zvezda_fenerbahce,Crvena Zvezda vs Fenerbahce,2026-03-13T19:00:00Z,NO,ALT_PROPS,3P Made,3P_M,3P Made,Talen Horton-Tucker,3.5,4+,7.15,,True
OPAP,2026-03-13_crvena_zvezda_fenerbahce,Crvena Zvezda vs Fenerbahce,2026-03-13T19:00:00Z,NO,ALT_PROPS,3P Made,3P_M,3P Made,Talen Horton-Tucker,5.5,6+,38.0,,True
OPAP,2026-03-13_crvena_zvezda_fenerbahce,Crvena Zvezda vs Fenerbahce,2026-03-13T19:00:00Z,NO,ALT_PROPS,3P Made,3P_M,3P Made,Talen Horton-Tucker,4.5,5+,16.0,,True
OPAP,2026-03-13_crvena_zvezda_fenerbahce,Crvena Zvezda vs Fenerbahce,2026-03-13T19:00:00Z,NO,ALT_PROPS,Assists,AS,Assists,Jared Butler,7.5,8+,8.0,,True
OPAP,2026-03-13_crvena_zvezda_fenerbahce,Crvena Zvezda vs Fenerbahce,2026-03-13T19:00:00Z,NO,ALT_PROPS,Assists,AS,Assists,Jared Butler,1.5,2+,1.03,,True
OPAP,2026-03-13_crvena_zvezda_fenerbahce,Crvena Zvezda vs Fenerbahce,2026-03-13T19:00:00Z,NO,ALT_PROPS,Assists,AS,Assists,Jared Butler,3.5,4+,1.54,,True
OPAP,2026-03-13_crvena_zvezda_fenerbahce,Crvena Zvezda vs Fenerbahce,2026-03-13T19:00:00Z,NO,ALT_PROPS,Assists,AS,Assists,Jared Butler,5.5,6+,2.9,,True
OPAP,2026-03-13_crvena_zvezda_fenerbahce,Crvena Zvezda vs Fenerbahce,2026-03-13T19:00:00Z,NO,ALT_PROPS,Rebounds,TR,Rebounds,Bonzie Colson,7.5,8+,17.0,,True
OPAP,2026-03-13_crvena_zvezda_fenerbahce,Crvena Zvezda vs Fenerbahce,2026-03-13T19:00:00Z,NO,ALT_PROPS,Rebounds,TR,Rebounds,Bonzie Colson,3.5,4+,2.12,,True
OPAP,2026-03-13_crvena_zvezda_fenerbahce,Crvena Zvezda vs Fenerbahce,2026-03-13T19:00:00Z,NO,ALT_PROPS,Rebounds,TR,Rebounds,Bonzie Colson,5.5,6+,5.15,,True
OPAP,2026-03-13_crvena_zvezda_fenerbahce,Crvena Zvezda vs Fenerbahce,2026-03-13T19:00:00Z,NO,ALT_PROPS,Rebounds,TR,Rebounds,Bonzie Colson,8.5,9+,33.0,,True
OPAP,2026-03-13_crvena_zvezda_fenerbahce,Crvena Zvezda vs Fenerbahce,2026-03-13T19:00:00Z,NO,ALT_PROPS,Rebounds,TR,Rebounds,Bonzie Colson,6.5,7+,9.0,,True
OPAP,2026-03-13_crvena_zvezda_fenerbahce,Crvena Zvezda vs Fenerbahce,2026-03-13T19:00:00Z,NO,ALT_PROPS,Rebounds,TR,Rebounds,Bonzie Colson,2.5,3+,1.5,,True
OPAP,2026-03-13_crvena_zvezda_fenerbahce,Crvena Zvezda vs Fenerbahce,2026-03-13T19:00:00Z,NO,ALT_PROPS,Rebounds,TR,Rebounds,Bonzie Colson,4.5,5+,3.15,,True
OPAP,2026-03-13_crvena_zvezda_fenerbahce,Crvena Zvezda vs Fenerbahce,2026-03-13T19:00:00Z,NO,MAIN_PROPS,3P Made,3P_M,3P Made,Wade Baldwin,0.5,,1.52,2.32,True
OPAP,2026-03-13_crvena_zvezda_fenerbahce,Crvena Zvezda vs Fenerbahce,2026-03-13T19:00:00Z,NO,MAIN_PROPS,Rebounds,TR,Rebounds,Wade Baldwin,3.5,,1.72,2.0,True
OPAP,2026-03-13_crvena_zvezda_fenerbahce,Crvena Zvezda vs Fenerbahce,2026-03-13T19:00:00Z,NO,ALT_PROPS,3P Made,3P_M,3P Made,Jared Butler,4.5,5+,4.15,,True
OPAP,2026-03-13_crvena_zvezda_fenerbahce,Crvena Zvezda vs Fenerbahce,2026-03-13T19:00:00Z,NO,ALT_PROPS,3P Made,3P_M,3P Made,Jared Butler,5.5,6+,6.5,,True
OPAP,2026-03-13_crvena_zvezda_fenerbahce,Crvena Zvezda vs Fenerbahce,2026-03-13T19:00:00Z,NO,ALT_PROPS,3P Made,3P_M,3P Made,Jared Butler,6.5,7+,11.0,,True
OPAP,2026-03-13_crvena_zvezda_fenerbahce,Crvena Zvezda vs Fenerbahce,2026-03-13T19:00:00Z,NO,MAIN_PROPS,Assists,AS,Assists,Jordan Nwora,1.5,,2.15,1.62,True
OPAP,2026-03-13_crvena_zvezda_fenerbahce,Crvena Zvezda vs Fenerbahce,2026-03-13T19:00:00Z,NO,MAIN_PROPS,Points,POINTS,Points,Wade Baldwin,13.5,,1.91,1.8,True
OPAP,2026-03-13_crvena_zvezda_fenerbahce,Crvena Zvezda vs Fenerbahce,2026-03-13T19:00:00Z,NO,ALT_PROPS,3P Made,3P_M,3P Made,Jordan Nwora,4.5,5+,7.0,,True
OPAP,2026-03-13_crvena_zvezda_fenerbahce,Crvena Zvezda vs Fenerbahce,2026-03-13T19:00:00Z,NO,ALT_PROPS,3P Made,3P_M,3P Made,Jordan Nwora,5.5,6+,14.0,,True
OPAP,2026-03-13_crvena_zvezda_fenerbahce,Crvena Zvezda vs Fenerbahce,2026-03-13T19:00:00Z,NO,MAIN_PROPS,Points,POINTS,Points,Jordan Nwora,16.5,,1.83,1.83,True
OPAP,2026-03-13_crvena_zvezda_fenerbahce,Crvena Zvezda vs Fenerbahce,2026-03-13T19:00:00Z,NO,ALT_PROPS,Assists,AS,Assists,Jordan Nwora,3.5,4+,5.0,,True
OPAP,2026-03-13_crvena_zvezda_fenerbahce,Crvena Zvezda vs Fenerbahce,2026-03-13T19:00:00Z,NO,ALT_PROPS,Assists,AS,Assists,Jordan Nwora,1.5,2+,1.91,,True
OPAP,2026-03-13_crvena_zvezda_fenerbahce,Crvena Zvezda vs Fenerbahce,2026-03-13T19:00:00Z,NO,ALT_PROPS,Assists,AS,Assists,Jordan Nwora,2.5,3+,2.9,,True
OPAP,2026-03-13_crvena_zvezda_fenerbahce,Crvena Zvezda vs Fenerbahce,2026-03-13T19:00:00Z,NO,ALT_PROPS,Assists,AS,Assists,Jordan Nwora,5.5,6+,19.0,,True
OPAP,2026-03-13_crvena_zvezda_fenerbahce,Crvena Zvezda vs Fenerbahce,2026-03-13T19:00:00Z,NO,ALT_PROPS,Assists,AS,Assists,Jordan Nwora,4.5,5+,9.0,,True
OPAP,2026-03-13_crvena_zvezda_fenerbahce,Crvena Zvezda vs Fenerbahce,2026-03-13T19:00:00Z,NO,ALT_PROPS,Points,POINTS,Points,Jared Butler,21.5,22+,4.85,,True
OPAP,2026-03-13_crvena_zvezda_fenerbahce,Crvena Zvezda vs Fenerbahce,2026-03-13T19:00:00Z,NO,ALT_PROPS,Points,POINTS,Points,Jared Butler,25.5,26+,9.75,,True
OPAP,2026-03-13_crvena_zvezda_fenerbahce,Crvena Zvezda vs Fenerbahce,2026-03-13T19:00:00Z,NO,ALT_PROPS,Points,POINTS,Points,Jared Butler,29.5,30+,23.0,,True
OPAP,2026-03-13_crvena_zvezda_fenerbahce,Crvena Zvezda vs Fenerbahce,2026-03-13T19:00:00Z,NO,ALT_PROPS,Points,POINTS,Points,Jared Butler,27.5,28+,15.0,,True
OPAP,2026-03-13_crvena_zvezda_fenerbahce,Crvena Zvezda vs Fenerbahce,2026-03-13T19:00:00Z,NO,ALT_PROPS,Points,POINTS,Points,Jared Butler,13.5,14+,1.78,,True
OPAP,2026-03-13_crvena_zvezda_fenerbahce,Crvena Zvezda vs Fenerbahce,2026-03-13T19:00:00Z,NO,ALT_PROPS,Points,POINTS,Points,Jared Butler,15.5,16+,2.15,,True
OPAP,2026-03-13_crvena_zvezda_fenerbahce,Crvena Zvezda vs Fenerbahce,2026-03-13T19:00:00Z,NO,ALT_PROPS,Points,POINTS,Points,Jared Butler,23.5,24+,6.75,,True
OPAP,2026-03-13_crvena_zvezda_fenerbahce,Crvena Zvezda vs Fenerbahce,2026-03-13T19:00:00Z,NO,ALT_PROPS,Points,POINTS,Points,Talen Horton-Tucker,25.5,26+,5.15,,True
OPAP,2026-03-13_crvena_zvezda_fenerbahce,Crvena Zvezda vs Fenerbahce,2026-03-13T19:00:00Z,NO,ALT_PROPS,Points,POINTS,Points,Talen Horton-Tucker,27.5,28+,7.15,,True
OPAP,2026-03-13_crvena_zvezda_fenerbahce,Crvena Zvezda vs Fenerbahce,2026-03-13T19:00:00Z,NO,ALT_PROPS,Points,POINTS,Points,Talen Horton-Tucker,33.5,34+,25.0,,True
OPAP,2026-03-13_crvena_zvezda_fenerbahce,Crvena Zvezda vs Fenerbahce,2026-03-13T19:00:00Z,NO,ALT_PROPS,Points,POINTS,Points,Talen Horton-Tucker,21.5,22+,2.9,,True
OPAP,2026-03-13_crvena_zvezda_fenerbahce,Crvena Zvezda vs Fenerbahce,2026-03-13T19:00:00Z,NO,ALT_PROPS,Points,POINTS,Points,Talen Horton-Tucker,15.5,16+,1.48,,True
OPAP,2026-03-13_crvena_zvezda_fenerbahce,Crvena Zvezda vs Fenerbahce,2026-03-13T19:00:00Z,NO,ALT_PROPS,Points,POINTS,Points,Talen Horton-Tucker,23.5,24+,3.8,,True
OPAP,2026-03-13_crvena_zvezda_fenerbahce,Crvena Zvezda vs Fenerbahce,2026-03-13T19:00:00Z,NO,ALT_PROPS,Points,POINTS,Points,Talen Horton-Tucker,31.5,32+,16.0,,True
OPAP,2026-03-13_crvena_zvezda_fenerbahce,Crvena Zvezda vs Fenerbahce,2026-03-13T19:00:00Z,NO,ALT_PROPS,Points,POINTS,Points,Chima Moneke,12.5,13+,1.75,,True
OPAP,2026-03-13_crvena_zvezda_fenerbahce,Crvena Zvezda vs Fenerbahce,2026-03-13T19:00:00Z,NO,ALT_PROPS,Points,POINTS,Points,Chima Moneke,26.5,27+,24.0,,True
OPAP,2026-03-13_crvena_zvezda_fenerbahce,Crvena Zvezda vs Fenerbahce,2026-03-13T19:00:00Z,NO,ALT_PROPS,Points,POINTS,Points,Chima Moneke,20.5,21+,5.75,,True
OPAP,2026-03-13_crvena_zvezda_fenerbahce,Crvena Zvezda vs Fenerbahce,2026-03-13T19:00:00Z,NO,ALT_PROPS,Points,POINTS,Points,Chima Moneke,24.5,25+,14.0,,True
OPAP,2026-03-13_crvena_zvezda_fenerbahce,Crvena Zvezda vs Fenerbahce,2026-03-13T19:00:00Z,NO,ALT_PROPS,Points,POINTS,Points,Chima Moneke,22.5,23+,9.0,,True
OPAP,2026-03-13_crvena_zvezda_fenerbahce,Crvena Zvezda vs Fenerbahce,2026-03-13T19:00:00Z,NO,ALT_PROPS,Points,POINTS,Points,Chima Moneke,10.5,11+,1.32,,True
OPAP,2026-03-13_crvena_zvezda_fenerbahce,Crvena Zvezda vs Fenerbahce,2026-03-13T19:00:00Z,NO,ALT_PROPS,Points,POINTS,Points,Chima Moneke,18.5,19+,3.95,,True
OPAP,2026-03-13_crvena_zvezda_fenerbahce,Crvena Zvezda vs Fenerbahce,2026-03-13T19:00:00Z,NO,ALT_PROPS,Points,POINTS,Points,Chima Moneke,16.5,17+,2.85,,True
OPAP,2026-03-13_crvena_zvezda_fenerbahce,Crvena Zvezda vs Fenerbahce,2026-03-13T19:00:00Z,NO,ALT_PROPS,Points,POINTS,Points,Chima Moneke,28.5,29+,43.0,,True
OPAP,2026-03-13_crvena_zvezda_fenerbahce,Crvena Zvezda vs Fenerbahce,2026-03-13T19:00:00Z,NO,MAIN_PROPS,Points,POINTS,Points,Chima Moneke,12.5,,1.83,1.83,True
OPAP,2026-03-13_crvena_zvezda_fenerbahce,Crvena Zvezda vs Fenerbahce,2026-03-13T19:00:00Z,NO,MAIN_PROPS,Points,POINTS,Points,Mikael Jantunen,6.5,,1.83,1.83,True
OPAP,2026-03-13_crvena_zvezda_fenerbahce,Crvena Zvezda vs Fenerbahce,2026-03-13T19:00:00Z,NO,ALT_PROPS,Points,POINTS,Points,Mikael Jantunen,20.5,21+,21.0,,True
OPAP,2026-03-13_crvena_zvezda_fenerbahce,Crvena Zvezda vs Fenerbahce,2026-03-13T19:00:00Z,NO,ALT_PROPS,Points,POINTS,Points,Mikael Jantunen,22.5,23+,37.0,,True
OPAP,2026-03-13_crvena_zvezda_fenerbahce,Crvena Zvezda vs Fenerbahce,2026-03-13T19:00:00Z,NO,ALT_PROPS,Points,POINTS,Points,Mikael Jantunen,14.5,15+,5.25,,True
OPAP,2026-03-13_crvena_zvezda_fenerbahce,Crvena Zvezda vs Fenerbahce,2026-03-13T19:00:00Z,NO,ALT_PROPS,Points,POINTS,Points,Mikael Jantunen,10.5,11+,2.7,,True
OPAP,2026-03-13_crvena_zvezda_fenerbahce,Crvena Zvezda vs Fenerbahce,2026-03-13T19:00:00Z,NO,ALT_PROPS,Points,POINTS,Points,Mikael Jantunen,6.5,7+,1.68,,True
OPAP,2026-03-13_crvena_zvezda_fenerbahce,Crvena Zvezda vs Fenerbahce,2026-03-13T19:00:00Z,NO,ALT_PROPS,Points,POINTS,Points,Mikael Jantunen,18.5,19+,12.5,,True
OPAP,2026-03-13_crvena_zvezda_fenerbahce,Crvena Zvezda vs Fenerbahce,2026-03-13T19:00:00Z,NO,ALT_PROPS,Points,POINTS,Points,Mikael Jantunen,8.5,9+,2.15,,True
OPAP,2026-03-13_crvena_zvezda_fenerbahce,Crvena Zvezda vs Fenerbahce,2026-03-13T19:00:00Z,NO,ALT_PROPS,Points,POINTS,Points,Mikael Jantunen,16.5,17+,8.0,,True
OPAP,2026-03-13_crvena_zvezda_fenerbahce,Crvena Zvezda vs Fenerbahce,2026-03-13T19:00:00Z,NO,ALT_PROPS,Points,POINTS,Points,Mikael Jantunen,12.5,13+,3.75,,True
OPAP,2026-03-13_crvena_zvezda_fenerbahce,Crvena Zvezda vs Fenerbahce,2026-03-13T19:00:00Z,NO,ALT_PROPS,Rebounds,TR,Rebounds,Chima Moneke,10.5,11+,10.75,,True
OPAP,2026-03-13_crvena_zvezda_fenerbahce,Crvena Zvezda vs Fenerbahce,2026-03-13T19:00:00Z,NO,ALT_PROPS,Rebounds,TR,Rebounds,Chima Moneke,7.5,8+,2.82,,True
OPAP,2026-03-13_crvena_zvezda_fenerbahce,Crvena Zvezda vs Fenerbahce,2026-03-13T19:00:00Z,NO,ALT_PROPS,Rebounds,TR,Rebounds,Chima Moneke,5.5,6+,1.58,,True
OPAP,2026-03-13_crvena_zvezda_fenerbahce,Crvena Zvezda vs Fenerbahce,2026-03-13T19:00:00Z,NO,ALT_PROPS,Rebounds,TR,Rebounds,Chima Moneke,12.5,13+,33.0,,True
OPAP,2026-03-13_crvena_zvezda_fenerbahce,Crvena Zvezda vs Fenerbahce,2026-03-13T19:00:00Z,NO,ALT_PROPS,Rebounds,TR,Rebounds,Chima Moneke,8.5,9+,4.15,,True
OPAP,2026-03-13_crvena_zvezda_fenerbahce,Crvena Zvezda vs Fenerbahce,2026-03-13T19:00:00Z,NO,MAIN_PROPS,Rebounds,TR,Rebounds,Chima Moneke,5.5,,1.65,2.12,True
OPAP,2026-03-13_crvena_zvezda_fenerbahce,Crvena Zvezda vs Fenerbahce,2026-03-13T19:00:00Z,NO,ALT_PROPS,Rebounds,TR,Rebounds,Mikael Jantunen,3.5,4+,2.0,,True
OPAP,2026-03-13_crvena_zvezda_fenerbahce,Crvena Zvezda vs Fenerbahce,2026-03-13T19:00:00Z,NO,ALT_PROPS,Rebounds,TR,Rebounds,Mikael Jantunen,8.5,9+,35.0,,True
OPAP,2026-03-13_crvena_zvezda_fenerbahce,Crvena Zvezda vs Fenerbahce,2026-03-13T19:00:00Z,NO,ALT_PROPS,Rebounds,TR,Rebounds,Mikael Jantunen,5.5,6+,5.0,,True
OPAP,2026-03-13_crvena_zvezda_fenerbahce,Crvena Zvezda vs Fenerbahce,2026-03-13T19:00:00Z,NO,ALT_PROPS,Rebounds,TR,Rebounds,Mikael Jantunen,6.5,7+,8.85,,True
OPAP,2026-03-13_crvena_zvezda_fenerbahce,Crvena Zvezda vs Fenerbahce,2026-03-13T19:00:00Z,NO,ALT_PROPS,Rebounds,TR,Rebounds,Mikael Jantunen,7.5,8+,17.0,,True
OPAP,2026-03-13_crvena_zvezda_fenerbahce,Crvena Zvezda vs Fenerbahce,2026-03-13T19:00:00Z,NO,MAIN_PROPS,Rebounds,TR,Rebounds,Mikael Jantunen,2.5,,1.55,2.3,True
OPAP,2026-03-13_crvena_zvezda_fenerbahce,Crvena Zvezda vs Fenerbahce,2026-03-13T19:00:00Z,NO,MAIN_PROPS,Points,POINTS,Points,Bonzie Colson,7.5,,1.87,1.83,True
OPAP,2026-03-13_crvena_zvezda_fenerbahce,Crvena Zvezda vs Fenerbahce,2026-03-13T19:00:00Z,NO,MAIN_PROPS,Points,POINTS,Points,Talen Horton-Tucker,17.5,,1.98,1.73,True
OPAP,2026-03-13_crvena_zvezda_fenerbahce,Crvena Zvezda vs Fenerbahce,2026-03-13T19:00:00Z,NO,MAIN_PROPS,Rebounds,TR,Rebounds,Bonzie Colson,2.5,,1.65,2.1,True
OPAP,2026-03-13_crvena_zvezda_fenerbahce,Crvena Zvezda vs Fenerbahce,2026-03-13T19:00:00Z,NO,MAIN_PROPS,Points,POINTS,Points,Codi Miller-McIntyre,11.5,,1.98,1.73,True
